PLAYER_ID	PLAYER_NAME	TEAM_ABBREVIATION	PTS	AST	REB	STL	BLK	DREB	OREB	TO	FGA	FGM	FG3M	FG3A	FTM	FTA	G
1629726	Garrison Mathews	HOU	469	43	139	28	14	115	24	29	321	132	99	267	106	131	41
1630256	Jae'Sean Tate	HOU	708	171	312	53	33	216	96	109	544	276	42	147	114	159	56
1626174	Christian Wood	HOU	947	120	550	42	51	457	93	101	717	347	99	266	154	250	54
1630224	Jalen Green	HOU	627	100	134	26	8	118	16	96	540	209	83	267	126	154	43
203471	Dennis Schroder	HOU	740	231	176	44	6	145	31	115	617	269	70	204	132	155	52
1630231	Kenyon Martin Jr.	HOU	473	72	214	24	26	151	63	42	365	192	32	102	57	88	55
1630528	Josh Christopher	HOU	370	87	107	42	7	70	37	70	310	140	39	121	51	66	50
1630578	Alperen Sengun	HOU	437	125	240	40	47	156	84	102	320	154	18	65	111	159	50
1628021	David Nwaba	HOU	193	30	140	24	18	104	36	18	152	71	10	39	41	57	38
1628981	Bruno Fernando	HOU	29	4	21	0	3	11	10	7	22	11	1	2	6	8	22
1630586	Usman Garuba	HOU	19	8	34	7	6	25	9	3	24	8	2	13	1	2	15
201587	Nicolas Batum	LAC	353	61	179	40	29	160	19	29	265	129	79	189	16	24	40
202694	Marcus Morris Sr.	LAC	583	78	173	20	10	153	20	45	483	212	76	196	83	98	36
1627826	Ivica Zubac	LAC	534	77	442	25	53	297	145	79	317	206	0	0	122	171	55
1629611	Terance Mann	LAC	631	142	312	42	8	234	78	61	508	246	58	161	81	109	60
202704	Reggie Jackson	LAC	944	259	196	42	10	169	27	124	909	359	130	400	96	115	57
1628392	Isaiah Hartenstein	LAC	348	87	207	35	53	136	71	53	235	146	4	9	52	78	47
1628379	Luke Kennard	LAC	591	113	174	33	5	162	12	43	457	204	137	306	46	52	50
1629599	Amir Coffey	LAC	403	78	142	25	10	120	22	28	292	134	65	171	70	79	48
203496	Robert Covington	LAC	420	75	304	83	68	254	50	66	376	147	86	253	40	49	55
1630527	Brandon Boston Jr.	LAC	274	36	94	22	11	81	13	26	264	98	28	94	50	59	41
1628400	Semi Ojeleye	LAC	64	5	60	5	5	34	26	7	77	20	12	44	12	16	22
203918	Rodney Hood	LAC	129	31	68	12	4	55	13	7	132	46	24	80	13	14	41
202699	Tobias Harris	PHI	914	179	359	30	32	304	55	86	737	357	57	165	143	168	49
1627777	Georges Niang	PHI	510	82	147	21	10	126	21	45	416	180	106	267	44	51	54
203954	Joel Embiid	PHI	1361	207	514	47	66	423	91	137	887	439	62	168	421	518	46
1629680	Matisse Thybulle	PHI	242	50	97	77	47	74	23	28	200	98	30	105	16	23	43
1630178	Tyrese Maxey	PHI	862	236	180	33	26	161	19	60	685	321	71	182	149	171	51
201980	Danny Green	PHI	257	41	96	41	29	77	19	35	223	89	70	186	9	10	40
1627788	Furkan Korkmaz	PHI	454	116	154	31	7	138	16	42	412	163	68	228	60	72	51
200794	Paul Millsap	PHI	95	26	96	5	11	63	33	12	95	37	8	31	13	19	26
1629003	Shake Milton	PHI	308	88	96	21	12	77	19	37	283	118	25	84	47	54	31
1629646	Charles Bassey	PHI	69	7	62	5	17	40	22	8	47	30	0	4	9	12	23
1629718	Charlie Brown Jr.	PHI	30	6	32	10	4	18	14	5	39	10	1	12	9	10	19
1630198	Isaiah Joe	PHI	156	28	46	11	2	41	5	15	142	50	36	109	20	21	41
1630194	Paul Reed	PHI	58	10	65	19	12	34	31	8	60	27	0	4	4	10	24
203114	Khris Middleton	MIL	932	253	264	57	13	234	30	141	721	316	109	306	191	216	48
203507	Giannis Antetokounmpo	MIL	1443	296	551	48	68	457	94	162	906	496	58	188	393	545	49
1626171	Bobby Portis	MIL	782	66	465	39	41	333	132	74	637	307	97	241	71	94	51
1629670	Jordan Nwora	MIL	381	46	170	23	13	139	31	44	361	148	67	182	18	23	46
201950	Jrue Holiday	MIL	851	309	216	69	24	170	46	127	667	338	87	214	88	116	47
201586	Serge Ibaka	MIL	252	39	168	8	27	127	41	35	209	102	26	69	22	32	38
202083	Wesley Matthews	MIL	147	20	55	13	5	40	15	11	133	54	33	97	6	10	30
1629623	Lindell Wigginton	MIL	44	7	15	3	1	14	1	6	26	14	7	13	9	13	10
1630572	Sandro Mamukelashvili	MIL	102	16	60	7	7	32	28	10	85	39	15	39	9	12	34
203648	Thanasis Antetokounmpo	MIL	98	19	78	13	9	47	31	20	86	41	1	11	15	24	37
1627761	DeAndre' Bembry	MIL	278	60	152	47	25	114	38	30	213	121	15	36	21	35	48
1630182	Josh Green	DAL	193	58	95	29	9	64	31	20	155	78	12	39	25	35	44
1627827	Dorian Finney-Smith	DAL	588	110	278	70	29	187	91	63	489	216	111	298	45	66	58
203939	Dwight Powell	DAL	434	66	260	29	25	141	119	45	251	163	12	31	96	129	59
1628973	Jalen Brunson	DAL	943	314	222	51	3	189	33	101	746	375	67	180	126	155	58
1629029	Luka Doncic	DAL	1212	395	404	50	22	366	38	194	953	428	122	364	234	320	44
203915	Spencer Dinwiddie	DAL	568	262	213	29	7	176	37	73	502	190	71	231	117	149	46
1628467	Maxi Kleber	DAL	334	46	251	21	44	198	53	31	260	113	71	191	37	48	42
202722	Davis Bertans	DAL	209	18	66	11	6	59	7	14	186	65	50	158	29	31	36
1628425	Sterling Brown	DAL	139	30	128	12	5	106	22	21	128	51	27	79	10	11	38
203504	Trey Burke	DAL	181	46	28	10	0	25	3	21	171	71	23	69	16	17	32
1626246	Boban Marjanovic	DAL	81	2	30	0	2	23	7	11	57	36	1	3	8	16	17
1628373	Frank Ntilikina	DAL	201	54	63	24	6	56	7	26	190	72	34	100	23	24	47
1627742	Brandon Ingram	NOP	993	241	256	29	22	225	31	119	817	366	66	198	195	239	45
1629637	Jaxson Hayes	NOP	407	23	185	18	34	117	68	34	238	154	7	26	92	120	47
202685	Jonas Valanciunas	NOP	953	137	610	25	49	439	171	131	680	366	47	122	174	211	53
1630529	Herbert Jones	NOP	536	118	218	81	48	145	73	70	405	202	38	106	94	110	56
203468	CJ McCollum	NOP	881	190	183	43	21	142	41	82	774	346	128	329	61	85	41
202066	Garrett Temple	NOP	295	71	139	41	23	110	29	40	280	106	55	174	28	41	55
1628984	Devonte' Graham	NOP	713	244	141	51	8	114	27	85	652	235	153	447	90	107	55
203503	Tony Snell	NOP	123	22	78	10	7	66	12	15	114	45	30	88	3	3	41
1629109	Gary Clark	NOP	75	10	71	10	7	55	16	6	67	24	21	56	6	8	27
1630631	Jose Alvarado	NOP	158	63	45	31	5	36	9	16	141	60	18	57	20	27	31
1626195	Willy Hernangomez	NOP	275	40	213	11	10	131	82	30	197	105	3	7	62	83	31
1630230	Naji Marshall	NOP	120	24	66	13	4	51	15	24	108	40	10	47	30	35	32
1630530	Trey Murphy III	NOP	160	20	88	12	6	60	28	12	148	50	36	107	24	28	41
202710	Jimmy Butler	MIA	870	240	257	70	19	179	78	87	598	286	15	78	283	316	40
200782	P.J. Tucker	MIA	441	109	288	42	11	211	77	53	333	165	72	160	39	54	52
1628389	Bam Adebayo	MIA	633	119	348	51	24	251	97	99	460	241	0	4	151	201	34
1629130	Duncan Robinson	MIA	658	89	167	35	11	147	20	49	561	223	172	473	40	48	56
200768	Kyle Lowry	MIA	610	364	210	54	15	183	27	136	478	203	99	281	105	125	46
1629216	Gabe Vincent	MIA	458	168	102	47	12	83	19	76	390	165	91	243	37	45	50
1630209	Omer Yurtseven	MIA	259	44	250	15	18	178	72	36	208	112	1	7	34	54	42
1629622	Max Strus	MIA	503	60	150	15	10	131	19	37	399	174	122	304	33	43	47
1629312	Haywood Highsmith	MIA	22	0	9	0	1	6	3	1	21	8	6	15	0	2	6
1629657	Kyle Guy	MIA	73	17	13	7	1	11	2	12	60	26	14	35	7	10	15
2617	Udonis Haslem	MIA	26	3	18	1	1	14	4	3	22	11	1	2	3	3	9
1628970	Miles Bridges	CHA	1161	208	418	60	52	350	68	114	896	431	106	344	193	242	58
1629023	P.J. Washington	CHA	421	86	242	35	40	185	57	58	336	149	76	202	47	65	43
203486	Mason Plumlee	CHA	342	157	409	46	31	277	132	70	236	149	0	2	44	116	51
1626179	Terry Rozier	CHA	953	217	219	58	18	180	39	66	816	349	151	420	104	127	51
1630163	LaMelo Ball	CHA	1062	400	376	83	22	289	87	167	895	379	142	387	162	189	53
1630550	JT Thor	CHA	49	13	27	6	8	18	9	6	42	17	7	24	8	12	19
1626149	Montrezl Harrell	CHA	718	101	340	21	35	232	108	57	426	275	4	15	164	230	50
1626162	Kelly Oubre Jr.	CHA	876	61	223	63	22	159	64	55	731	318	146	430	94	139	54
1630547	James Bouknight	CHA	140	23	48	7	1	27	21	13	136	48	17	49	27	31	28
1630539	Kai Jones	CHA	16	4	8	0	0	6	2	5	11	7	1	2	1	4	17
1630208	Nick Richards	CHA	140	13	80	9	19	50	30	21	81	55	0	0	30	41	41
203484	Kentavious Caldwell-Pope	WAS	637	93	189	59	20	162	27	65	559	229	108	284	71	79	55
1628398	Kyle Kuzma	WAS	897	170	483	36	46	421	62	134	744	336	102	305	123	175	55
1628418	Thomas Bryant	WAS	129	15	64	6	10	42	22	9	97	50	9	29	20	24	16
1630557	Corey Kispert	WAS	360	50	135	19	13	98	37	31	307	132	58	180	38	43	53
203526	Raul Neto	WAS	380	136	96	39	1	87	9	60	325	148	22	90	62	83	49
1630166	Deni Avdija	WAS	448	96	295	45	34	258	37	49	372	164	51	166	69	90	58
1629655	Daniel Gafford	WAS	432	49	293	19	75	182	111	45	272	183	0	0	66	88	49
202397	Ish Smith	WAS	210	119	66	24	12	52	14	39	219	93	12	30	12	19	41
1629060	Rui Hachimura	WAS	160	18	59	10	5	52	7	13	132	60	18	39	22	28	18
1630264	Anthony Gill	WAS	93	14	40	4	6	22	18	11	53	33	7	11	20	28	26
1630176	Vernon Carey Jr.	WAS	8	0	5	1	0	2	3	1	6	3	0	0	2	3	5
1630225	Isaiah Todd	WAS	16	3	10	2	2	8	2	1	17	5	4	11	2	6	10
1630216	Cassius Winston	WAS	10	4	0	0	0	0	0	1	6	3	2	5	2	2	4
1628971	Bruce Brown	BKN	323	66	215	50	27	153	62	32	276	134	13	41	42	57	50
1630556	Kessler Edwards	BKN	180	18	119	22	17	90	29	29	180	71	30	91	8	10	28
203083	Andre Drummond	BKN	326	104	470	60	47	323	147	84	264	140	0	2	46	93	52
203552	Seth Curry	BKN	731	196	163	36	11	145	18	93	571	277	112	273	65	74	48
201988	Patty Mills	BKN	775	150	127	44	16	112	15	57	644	274	186	444	41	48	58
1630560	Cam Thomas	BKN	470	62	125	26	7	115	10	40	411	183	41	150	63	78	48
200746	LaMarcus Aldridge	BKN	537	33	224	13	42	161	63	38	406	227	12	39	71	83	39
1628975	Jevon Carter	BKN	165	46	67	14	10	58	9	26	174	58	42	127	7	10	46
201933	Blake Griffin	BKN	322	96	209	26	13	153	56	25	286	120	31	129	51	70	48
1630561	David Duke Jr.	BKN	97	15	65	12	7	35	30	8	98	36	9	35	16	19	19
1630549	Day'Ron Sharpe	BKN	182	15	152	10	15	74	78	29	140	80	1	4	21	37	30
1629651	Nic Claxton	BKN	228	21	140	12	28	85	55	18	155	99	0	0	30	53	25
201949	James Johnson	BKN	254	85	153	22	15	112	41	33	228	111	14	55	18	38	43
1628384	OG Anunoby	TOR	734	110	231	65	24	165	66	74	635	277	100	285	80	107	42
1627783	Pascal Siakam	TOR	964	229	381	56	32	289	92	122	752	372	48	138	172	233	44
203920	Khem Birch	TOR	155	35	140	24	15	67	73	17	118	60	0	8	35	46	31
1629018	Gary Trent Jr.	TOR	891	92	128	90	15	113	15	47	752	323	153	385	92	113	48
1630567	Scottie Barnes	TOR	706	164	365	50	39	246	119	90	594	279	41	131	107	146	49
1630173	Precious Achiuwa	TOR	358	55	331	24	28	226	105	47	350	148	18	59	44	76	48
1628449	Chris Boucher	TOR	501	18	325	36	57	209	116	32	377	174	42	148	111	144	55
201152	Thaddeus Young	TOR	172	61	102	25	8	58	44	33	142	81	0	7	10	23	28
1630625	Dalano Banton	TOR	170	75	104	24	8	73	31	46	167	69	11	43	21	34	47
1630201	Malachi Flynn	TOR	98	36	38	14	3	31	7	10	107	38	16	55	6	9	34
1630551	Justin Champagnie	TOR	76	9	65	7	4	28	37	7	60	29	9	22	9	9	31
1629004	Svi Mykhailiuk	TOR	228	40	89	24	4	69	20	28	207	83	35	115	27	32	43
1629139	Yuta Watanabe	TOR	122	15	72	7	12	57	15	16	106	42	21	59	17	30	25
1630162	Anthony Edwards	MIN	1159	189	253	79	37	206	47	146	953	415	163	459	166	214	53
1629020	Jarred Vanderbilt	MIN	387	74	477	79	39	310	167	53	272	162	2	11	61	93	54
1626157	Karl-Anthony Towns	MIN	1269	207	505	54	58	359	146	169	867	453	110	269	253	309	52
201976	Patrick Beverley	MIN	368	195	176	46	38	131	45	50	310	127	56	168	58	82	40
1626156	D'Angelo Russell	MIN	847	315	157	41	21	140	17	114	714	291	135	385	130	162	45
1627736	Malik Beasley	MIN	704	86	176	30	9	153	23	37	670	251	170	482	32	42	59
1630183	Jaden McDaniels	MIN	498	66	239	46	39	173	66	60	443	197	59	199	45	57	56
1629162	Jordan McLaughlin	MIN	124	113	53	29	3	44	9	21	122	46	9	47	23	31	41
1629675	Naz Reid	MIN	454	49	216	24	58	138	78	56	352	165	42	120	82	111	56
1627752	Taurean Prince	MIN	270	40	110	26	12	92	18	34	211	96	50	128	28	37	47
1629669	Jaylen Nowell	MIN	325	87	82	23	6	67	15	22	266	124	36	97	41	55	42
1630195	Leandro Bolmaro	MIN	28	11	35	5	0	20	15	12	32	9	2	12	8	9	25
1630233	Nathan Knight	MIN	88	14	59	4	7	37	22	12	56	27	2	8	32	45	28
1627774	Jake Layman	MIN	46	7	24	6	4	20	4	7	49	18	4	26	6	8	23
1629006	Josh Okogie	MIN	85	18	60	17	10	35	25	17	75	26	10	36	23	37	33
203926	Doug McDermott	SAS	513	50	108	11	4	92	16	34	410	193	100	227	27	36	43
1629640	Keldon Johnson	SAS	863	101	328	42	7	270	58	71	687	321	105	247	116	155	55
1627751	Jakob Poeltl	SAS	642	138	449	36	87	259	190	78	472	290	1	1	61	131	49
1630170	Devin Vassell	SAS	588	86	215	49	32	187	28	38	523	227	89	258	45	56	51
1627749	Dejounte Murray	SAS	1036	486	432	106	17	365	67	125	932	428	67	210	113	149	52
1629022	Lonnie Walker IV	SAS	605	123	139	35	17	125	14	58	570	225	75	255	80	99	54
1630563	Joshua Primo	SAS	147	42	52	11	15	34	18	28	141	52	24	75	19	25	30
1628966	Keita Bates-Diop	SAS	239	27	175	22	14	129	46	31	193	97	14	42	31	44	45
1628380	Zach Collins	SAS	29	11	26	4	2	18	8	8	27	12	3	7	2	4	5
1626196	Josh Richardson	SAS	430	68	125	34	24	99	26	39	347	153	63	158	61	71	45
1629111	Jock Landale	SAS	167	32	79	7	12	40	39	23	129	63	20	57	21	25	36
1629641	Romeo Langford	SAS	207	19	104	21	16	74	30	16	184	79	29	83	20	34	44
203107	Tomas Satoransky	SAS	88	76	64	14	1	46	18	23	107	32	5	31	19	25	32
1630598	Aaron Wiggins	OKC	243	38	115	24	8	85	30	27	194	90	27	88	36	51	34
1629647	Darius Bazley	OKC	522	71	348	43	59	288	60	70	478	191	55	187	85	122	53
1629676	Isaiah Roby	OKC	153	15	81	13	10	50	31	18	119	61	13	32	18	27	22
1630544	Tre Mann	OKC	390	45	100	30	9	86	14	37	373	143	62	170	42	56	45
1630581	Josh Giddey	OKC	659	339	412	49	20	317	95	167	655	274	56	210	55	78	53
1630197	Aleksej Pokusevski	OKC	229	50	182	23	25	141	41	49	246	95	30	110	9	16	42
1630177	Theo Maledon	OKC	133	36	51	14	5	42	9	28	129	41	15	65	36	42	31
1630249	Vit Krejci	OKC	6	2	5	0	0	5	0	2	6	2	0	4	2	2	6
1630322	Lindy Waters III	OKC	5	0	1	0	0	1	0	0	3	2	1	2	0	0	3
202324	Derrick Favors	OKC	200	24	181	15	12	123	58	9	178	92	2	16	14	23	38
1629660	Ty Jerome	OKC	340	109	78	30	5	59	19	37	328	124	54	186	38	47	48
203084	Harrison Barnes	SAC	934	136	335	39	9	274	61	87	611	285	108	264	256	309	55
203090	Maurice Harkless	SAC	208	22	105	27	23	93	12	29	174	79	30	97	20	28	41
1627734	Domantas Sabonis	SAC	957	258	613	50	23	446	167	155	625	362	35	111	198	268	51
203200	Justin Holiday	SAC	584	99	143	39	22	121	22	55	501	205	138	365	36	43	53
1628368	De'Aaron Fox	SAC	1045	247	187	55	19	165	22	135	845	392	49	181	212	281	48
1628978	Donte DiVincenzo	SAC	150	41	73	18	3	53	20	30	146	47	25	92	31	35	20
1626158	Richaun Holmes	SAC	449	46	302	17	39	215	87	55	284	190	2	5	67	87	41
1629002	Chimezie Metu	SAC	377	47	246	35	24	218	28	42	328	143	40	143	51	66	42
1626168	Trey Lyles	SAC	536	58	247	22	26	187	60	56	386	177	44	146	138	176	53
1628367	Josh Jackson	SAC	276	49	123	21	18	106	17	39	253	103	30	115	40	56	40
1627745	Damian Jones	SAC	233	42	146	11	23	94	52	37	141	90	5	14	48	66	37
1629663	Louis King	SAC	45	9	12	2	1	12	0	0	47	15	8	27	7	10	10
203087	Jeremy Lamb	SAC	290	56	100	23	16	85	15	25	239	89	42	125	70	83	40
203458	Alex Len	SAC	206	41	153	12	25	105	48	41	155	82	6	19	36	56	33
1629674	Neemias Queta	SAC	21	4	19	1	4	8	11	4	23	9	0	0	3	5	10
1629750	Javonte Green	CHI	321	46	184	37	23	117	67	24	218	119	22	63	61	74	42
201942	DeMar DeRozan	CHI	1547	283	287	47	17	241	46	129	1094	566	34	99	381	440	55
202696	Nikola Vucevic	CHI	945	189	609	50	61	503	106	100	843	400	80	252	65	86	52
1629632	Coby White	CHI	546	110	121	20	10	108	13	49	430	195	93	232	63	75	39
1630245	Ayo Dosunmu	CHI	440	166	151	38	20	134	17	66	333	174	50	123	42	62	54
1628972	Troy Brown Jr.	CHI	221	55	170	28	4	135	35	22	210	84	34	103	19	25	48
1627884	Derrick Jones Jr.	CHI	208	19	117	16	23	72	45	18	138	76	16	40	40	49	34
1629744	Matt Thomas	CHI	149	20	48	8	3	45	3	8	126	50	33	86	16	20	35
1628396	Tony Bradley	CHI	138	22	167	10	31	108	59	28	107	62	0	0	14	21	45
1630792	Malcolm Hill	CHI	70	4	32	6	3	21	11	2	48	23	13	33	11	14	16
1628035	Alfonzo McKinnie	CHI	59	5	33	2	3	20	13	7	61	24	9	27	2	8	17
1630250	Marko Simonovic	CHI	17	0	10	1	1	5	5	2	15	4	1	5	8	11	9
1629656	Quentin Grimes	NYK	253	38	77	26	10	55	22	25	209	88	66	166	11	17	39
203944	Julius Randle	NYK	1130	297	582	43	34	478	104	202	965	406	93	304	225	294	57
1629011	Mitchell Robinson	NYK	446	23	463	35	88	258	205	40	248	189	0	0	68	131	53
203095	Evan Fournier	NYK	826	106	168	55	16	137	31	79	703	298	170	431	60	83	57
202689	Kemba Walker	NYK	431	131	111	26	7	97	14	48	370	149	73	199	60	71	37
202692	Alec Burks	NYK	634	154	255	63	17	220	35	56	499	189	99	257	157	191	58
201959	Taj Gibson	NYK	153	25	175	16	32	111	64	23	114	60	8	22	25	33	39
1630193	Immanuel Quickley	NYK	515	164	127	33	3	107	20	69	465	171	88	268	85	93	55
1629629	Cam Reddish	NYK	451	42	92	41	13	71	21	50	377	149	61	169	92	101	43
1630167	Obi Toppin	NYK	393	48	193	14	23	143	50	41	300	153	21	93	66	88	54
1627853	Ryan Arcidiacono	NYK	0	0	0	0	0	0	0	0	0	0	0	0	0	0	0
1630579	Jericho Sims	NYK	19	1	27	3	7	16	11	2	11	8	0	0	3	4	18
1630180	Saddiq Bey	DET	925	163	337	53	13	254	83	73	817	317	149	431	142	171	58
203924	Jerami Grant	DET	627	83	141	32	35	118	23	66	498	207	58	171	155	184	33
1630191	Isaiah Stewart	DET	415	55	421	17	57	268	153	63	348	182	3	24	48	72	50
1630595	Cade Cunningham	DET	692	227	241	57	29	200	41	156	668	263	89	272	77	90	44
202709	Cory Joseph	DET	380	184	118	32	12	97	21	68	292	132	48	111	68	80	47
1628977	Hamidou Diallo	DET	564	64	251	61	17	188	63	50	470	232	20	83	80	123	51
1628963	Marvin Bagley III	DET	294	18	229	9	11	157	72	22	263	121	15	63	37	54	32
1630165	Killian Hayes	DET	285	187	133	47	23	110	23	79	296	107	31	113	40	49	46
203482	Kelly Olynyk	DET	203	58	102	19	11	69	33	36	181	73	22	74	35	51	21
203585	Rodney McGruder	DET	149	27	62	13	3	45	17	13	122	55	29	73	10	14	33
1628402	Frank Jackson	DET	468	41	69	22	9	55	14	33	402	165	76	238	62	78	43
1628369	Jayson Tatum	BOS	1439	233	469	55	40	402	67	162	1153	500	154	468	285	336	56
1629684	Grant Williams	BOS	410	61	177	27	40	135	42	41	286	140	86	193	44	49	55
201143	Al Horford	BOS	514	173	384	29	67	305	79	50	434	193	62	202	66	79	51
1627759	Jaylen Brown	BOS	1092	150	301	49	15	264	37	133	865	398	122	346	174	225	46
1628401	Derrick White	BOS	755	289	190	56	46	161	29	93	615	260	87	284	148	172	53
1630174	Aaron Nesmith	BOS	145	13	70	12	4	58	12	24	143	54	21	89	16	19	41
1628464	Daniel Theis	BOS	227	22	142	13	21	110	32	31	183	88	24	80	27	40	28
1630202	Payton Pritchard	BOS	230	85	77	9	4	62	15	32	222	84	48	133	14	14	49
1630573	Sam Hauser	BOS	21	4	7	1	1	6	1	0	19	7	7	19	0	0	11
1628436	Luke Kornet	BOS	4	2	6	1	1	3	3	0	9	1	0	2	2	3	4
1630271	Brodric Thomas	BOS	9	5	6	0	1	4	2	4	11	3	1	7	2	2	8
1629052	Oshae Brissett	IND	339	39	220	27	19	150	70	36	289	118	44	132	59	93	47
1630678	Terry Taylor	IND	124	19	89	2	3	45	44	5	92	55	4	9	10	13	13
1630188	Jalen Smith	IND	223	10	164	9	21	103	61	27	169	82	15	52	44	58	33
1627741	Buddy Hield	IND	872	125	245	50	17	199	46	97	761	296	196	535	84	97	59
1630169	Tyrese Haliburton	IND	810	423	216	95	34	176	40	129	644	296	118	283	100	120	55
1630613	Duane Washington Jr.	IND	246	53	51	14	1	49	2	28	241	91	42	123	22	29	28
202362	Lance Stephenson	IND	251	110	91	15	2	81	10	48	214	98	15	61	40	50	30
202684	Tristan Thompson	IND	214	20	179	11	14	100	79	33	175	89	1	1	35	68	34
1629048	Goga Bitadze	IND	172	27	101	13	24	53	48	29	145	65	8	47	34	56	35
1630537	Chris Duarte	IND	671	110	205	52	10	169	36	83	575	250	87	239	84	106	50
1626208	Keifer Sykes	IND	130	43	36	8	3	29	7	25	136	49	20	65	12	14	20
201569	Eric Gordon	HOU	671	140	95	23	18	81	14	92	492	237	106	254	91	120	47
1628969	Mikal Bridges	PHX	775	123	252	70	25	194	58	46	581	308	80	219	79	94	58
203109	Jae Crowder	PHX	425	73	255	61	22	232	23	39	372	147	84	249	47	58	48
1629028	Deandre Ayton	PHX	609	53	380	28	28	282	98	59	420	266	2	9	75	103	37
1626164	Devin Booker	PHX	1300	227	265	53	19	224	41	121	1060	473	134	363	220	255	51
101108	Chris Paul	PHX	866	619	259	108	18	243	16	138	667	325	60	182	156	185	58
1629661	Cameron Johnson	PHX	653	74	231	47	12	197	34	33	491	226	135	314	66	78	55
201580	JaVale McGee	PHX	517	33	361	18	52	241	120	73	338	222	2	6	71	104	52
203901	Elfrid Payton	PHX	127	82	76	19	4	56	20	38	142	56	4	14	11	28	38
1628470	Torrey Craig	PHX	352	62	209	26	21	147	62	41	298	138	49	146	27	36	54
1628988	Aaron Holiday	PHX	273	86	73	25	9	63	10	43	227	109	27	73	28	35	44
202687	Bismack Biyombo	PHX	145	14	108	9	14	62	46	13	96	59	0	0	27	51	17
1630688	Ish Wainright	PHX	54	10	37	9	5	18	19	10	58	21	9	31	3	7	29
203932	Aaron Gordon	DEN	769	139	307	36	29	217	90	94	577	298	62	186	111	151	53
201145	Jeff Green	DEN	561	67	170	17	21	140	30	51	396	202	42	130	115	139	54
203999	Nikola Jokic	DEN	1352	410	718	70	38	570	148	197	906	516	84	226	236	292	52
203115	Will Barton	DEN	773	200	253	43	26	221	32	96	664	295	114	308	69	88	51
1628420	Monte Morris	DEN	658	225	154	35	8	135	19	54	555	264	84	224	46	54	52
203085	Austin Rivers	DEN	266	50	74	32	4	59	15	38	235	97	53	153	19	27	44
1627854	Bryn Forbes	DEN	522	58	80	20	4	74	6	43	427	187	90	214	58	64	55
1630538	Bones Hyland	DEN	403	93	126	22	13	118	8	57	369	136	79	228	52	59	46
203210	JaMychal Green	DEN	283	37	168	31	19	122	46	40	226	102	26	98	53	61	45
202326	DeMarcus Cousins	DEN	203	27	148	21	10	108	40	34	169	70	18	66	45	58	25
1630267	Facundo Campazzo	DEN	323	201	104	58	21	84	20	63	275	104	57	178	58	72	54
1630210	Markus Howard	DEN	90	6	6	7	0	6	0	6	73	27	23	53	13	14	22
1628432	Davon Reed	DEN	117	29	73	17	3	63	10	8	95	45	23	53	4	5	29
203952	Andrew Wiggins	GSW	957	116	229	54	38	174	55	79	751	361	122	295	113	171	54
1627780	Gary Payton II	GSW	381	44	196	78	18	142	54	29	257	159	34	94	29	50	56
1626172	Kevon Looney	GSW	373	103	446	36	43	286	160	55	281	154	0	1	65	103	59
202691	Klay Thompson	GSW	273	49	60	10	7	54	6	22	237	99	46	123	29	31	16
201939	Stephen Curry	GSW	1393	342	286	74	21	255	31	175	1058	452	251	663	238	259	54
1629673	Jordan Poole	GSW	867	184	165	43	16	141	24	123	673	295	124	367	153	166	53
1630228	Jonathan Kuminga	GSW	374	33	132	18	11	104	28	43	268	137	28	87	72	110	47
202357	Nemanja Bjelica	GSW	326	100	209	31	17	164	45	59	265	120	41	121	45	66	53
203490	Otto Porter Jr.	GSW	402	73	251	52	23	201	50	23	321	152	70	179	28	37	48
1629185	Chris Chiozza	GSW	55	47	30	9	0	22	8	22	65	19	16	43	1	1	26
1627814	Damion Lee	GSW	367	44	147	31	5	128	19	30	299	135	57	154	40	47	47
1630541	Moses Moody	GSW	109	11	46	3	6	38	8	7	101	38	19	62	14	17	34
1629308	Juan Toscano-Anderson	GSW	254	105	148	39	15	122	26	60	202	99	22	73	34	57	56
202711	Bojan Bogdanovic	UTA	998	96	245	26	1	198	47	96	748	340	137	361	181	208	56
1626220	Royce O'Neale	UTA	411	133	267	71	26	225	42	51	300	147	82	202	35	44	54
203497	Rudy Gobert	UTA	689	51	651	33	99	496	155	80	346	246	0	2	197	286	44
1628378	Donovan Mitchell	UTA	1184	239	194	75	12	152	42	135	934	426	153	436	179	205	46
201144	Mike Conley	UTA	719	276	160	62	17	128	32	87	568	249	123	300	98	117	52
202355	Hassan Whiteside	UTA	399	18	359	14	70	244	115	40	254	160	0	0	79	121	46
1630235	Trent Forrest	UTA	149	70	77	24	3	60	17	38	109	58	4	18	29	36	46
1627863	Danuel House Jr.	UTA	143	31	65	10	9	56	9	23	120	47	22	63	27	33	26
203903	Jordan Clarkson	UTA	851	131	184	40	13	142	42	87	766	309	139	435	94	113	55
1629672	Eric Paschall	UTA	258	27	91	7	4	66	25	25	179	87	34	90	50	66	44
1629638	Nickeil Alexander-Walker	UTA	639	139	165	41	19	129	36	85	633	237	95	306	70	97	52
1628962	Udoka Azubuike	UTA	72	0	62	1	11	47	15	12	44	33	0	0	6	11	15
1630215	Jared Butler	UTA	96	34	23	9	7	20	3	22	88	36	17	47	7	12	28
1627823	Juancho Hernangomez	UTA	29	6	40	5	3	27	13	9	34	8	4	22	9	13	25
2544	LeBron James	LAL	1192	266	324	65	40	278	46	131	868	453	114	323	172	230	41
1626169	Stanley Johnson	LAL	155	33	76	17	10	60	16	13	123	59	16	51	21	31	24
203076	Anthony Davis	LAL	855	107	360	45	86	256	104	76	635	341	12	66	161	227	37
1628370	Malik Monk	LAL	674	127	172	38	20	150	22	72	527	248	117	293	61	79	52
201566	Russell Westbrook	LAL	1042	430	444	60	15	364	80	231	902	394	59	197	195	292	57
1629659	Talen Horton-Tucker	LAL	399	112	141	38	24	114	27	61	366	150	35	128	64	80	42
1630559	Austin Reaves	LAL	241	50	102	12	10	80	22	20	168	82	31	95	46	56	39
2772	Trevor Ariza	LAL	79	23	67	10	4	61	6	9	74	26	20	61	7	14	20
201961	Wayne Ellington	LAL	215	24	60	19	3	51	9	15	186	73	65	169	4	5	35
2730	Dwight Howard	LAL	216	22	228	28	25	147	81	33	127	78	6	9	54	87	42
203145	Kent Bazemore	LAL	117	29	55	21	6	45	10	11	121	40	24	67	13	17	32
201599	DeAndre Jordan	LAL	130	13	169	10	25	120	49	20	88	59	0	0	12	25	31
1629631	De'Andre Hunter	ATL	391	36	102	19	11	86	16	41	324	145	42	110	59	82	30
201568	Danilo Gallinari	ATL	497	64	206	22	9	180	26	29	373	156	75	190	110	120	47
203991	Clint Capela	ATL	535	70	603	35	68	417	186	31	408	239	0	1	57	122	50
1628989	Kevin Huerter	ATL	592	143	162	32	18	140	22	67	502	232	98	260	30	37	51
1629027	Trae Young	ATL	1475	493	206	53	5	172	34	217	1085	495	158	412	327	364	53
203992	Bogdan Bogdanovic	ATL	531	120	154	39	7	141	13	43	448	194	99	264	44	54	40
1626153	Delon Wright	ATL	230	131	153	55	10	118	35	33	190	84	29	77	33	40	53
1630168	Onyeka Okongwu	ATL	225	28	143	17	37	85	58	30	128	92	0	0	41	56	26
101150	Lou Williams	ATL	272	81	63	20	3	51	12	33	242	96	30	84	50	56	40
1628995	Kevin Knox II	ATL	63	8	35	3	1	24	11	7	61	21	11	39	10	14	21
1630552	Jalen Johnson	ATL	25	1	16	0	1	16	0	3	20	9	3	8	4	6	14
1630219	Skylar Mays	ATL	78	16	25	7	0	20	5	10	61	31	8	25	8	9	23
203476	Gorgui Dieng	ATL	132	29	112	10	13	80	32	20	96	46	23	54	17	24	37
1627789	Timothe Luwawu-Cabarrot	ATL	149	26	49	13	4	40	9	13	130	50	32	87	17	20	36
1630532	Franz Wagner	ORL	935	178	275	53	28	211	64	97	764	356	77	213	146	171	60
1628976	Wendell Carter Jr.	ORL	715	139	520	32	36	414	106	89	540	274	59	184	108	153	51
1628964	Mo Bamba	ORL	488	64	387	29	90	285	102	61	412	193	62	180	40	50	49
1630175	Cole Anthony	ORL	815	271	267	38	13	240	27	132	699	278	100	297	159	186	46
1630591	Jalen Suggs	ORL	492	170	146	49	16	121	25	118	469	172	37	162	111	143	39
203914	Gary Harris	ORL	595	100	111	47	8	78	33	55	488	215	98	258	67	79	52
1629643	Chuma Okeke	ORL	402	76	228	71	28	195	33	39	386	147	72	234	36	43	49
203082	Terrence Ross	ORL	540	101	129	24	12	114	15	68	461	187	68	215	98	113	51
1629678	Admiral Schofield	ORL	83	16	49	3	4	40	9	13	68	32	14	41	5	7	24
1629649	Ignas Brazdeikis	ORL	79	21	36	7	1	25	11	8	78	28	11	35	12	15	28
201577	Robin Lopez	ORL	209	44	97	1	16	43	54	36	161	92	2	5	23	40	27
1629604	CJ Elleby	POR	151	39	103	17	7	72	31	18	143	56	18	62	21	26	35
1626159	Justise Winslow	POR	228	72	177	31	23	137	40	45	204	92	11	50	33	53	43
203994	Jusuf Nurkic	POR	842	157	619	62	34	452	167	143	600	321	15	56	185	268	56
1628404	Josh Hart	POR	620	181	333	47	13	277	56	92	426	219	53	151	129	171	44
1629014	Anfernee Simons	POR	899	205	143	29	6	118	25	101	730	326	162	405	85	96	53
203463	Ben McLemore	POR	383	36	66	18	5	55	11	27	325	129	96	257	29	37	42
1630535	Greg Brown III	POR	93	7	56	9	10	37	19	10	81	35	4	21	19	30	28
1630190	Elijah Hughes	POR	50	9	25	4	3	21	4	8	53	18	11	39	3	3	17
1630570	Trendon Watford	POR	149	35	106	10	15	80	26	24	105	62	1	11	24	35	33
1629833	Keljin Blevins	POR	24	4	8	0	0	6	2	6	23	9	6	14	0	2	12
1630553	Keon Johnson	POR	53	13	21	7	2	15	6	7	51	17	3	11	16	21	15
1630533	Ziaire Williams	MEM	291	35	71	22	7	60	11	23	261	115	42	148	19	25	40
1628991	Jaren Jackson Jr.	MEM	986	63	354	58	129	262	92	98	809	336	103	324	211	263	59
203500	Steven Adams	MEM	393	180	537	49	38	286	251	89	282	154	0	0	85	153	56
1630217	Desmond Bane	MEM	1000	140	252	65	25	219	33	90	804	370	162	387	98	108	56
1629630	Ja Morant	MEM	1233	316	269	56	18	207	62	157	930	460	69	209	244	323	46
203937	Kyle Anderson	MEM	357	125	246	53	27	202	44	48	327	141	26	78	49	77	47
1629001	De'Anthony Melton	MEM	507	136	230	83	28	178	52	72	475	184	82	239	57	80	51
1629723	John Konchar	MEM	248	73	230	36	15	171	59	22	188	93	40	95	22	37	52
1629634	Brandon Clarke	MEM	474	64	247	25	48	154	93	23	315	204	4	19	62	89	45
1626145	Tyus Jones	MEM	429	222	131	49	2	118	13	37	371	171	48	134	39	45	53
1630583	Santi Aldama	MEM	90	14	64	2	7	41	23	9	97	37	4	39	12	20	27
1629633	Jarrett Culver	MEM	102	26	39	15	4	29	10	13	96	40	10	33	12	23	27
1629681	Killian Tillie	MEM	115	20	55	23	14	35	20	11	116	42	26	77	5	8	32
1629731	Dean Wade	CLE	236	50	134	25	5	106	28	16	186	86	47	125	17	27	43
1630596	Evan Mobley	CLE	743	128	403	42	82	308	95	98	600	302	18	68	121	180	50
1628386	Jarrett Allen	CLE	810	91	551	37	67	370	181	88	494	329	1	10	151	215	50
1630171	Isaac Okoro	CLE	385	80	134	34	14	90	44	44	293	136	36	114	77	99	43
1629636	Darius Garland	CLE	953	374	156	56	5	133	23	176	766	365	121	320	102	112	47
201567	Kevin Love	CLE	715	107	367	17	12	309	58	63	533	227	126	321	135	158	50
1627747	Caris LeVert	CLE	781	188	156	41	19	125	31	81	680	301	65	203	114	150	43
1626224	Cedi Osman	CLE	498	90	106	40	8	87	19	43	417	175	93	261	55	86	46
200765	Rajon Rondo	CLE	148	128	94	26	5	81	13	56	148	54	23	71	17	21	31
202334	Ed Davis	CLE	21	5	44	3	8	37	7	5	14	9	0	0	3	8	19
1629164	Brandon Goodwin	CLE	85	49	38	16	0	31	7	18	85	33	12	32	7	14	16
1630698	Kevin Pangos	CLE	39	30	11	3	0	9	2	7	46	15	6	26	3	4	24
1630205	Lamar Stevens	CLE	206	25	91	20	9	62	29	22	177	84	13	44	25	40	41
1629685	Dylan Windler	CLE	94	25	62	9	2	48	14	13	77	33	21	54	7	9	37
203935	Marcus Smart	BOS	584	267	197	90	14	165	32	102	489	201	74	238	108	138	50
1628997	Caleb Martin	MIA	417	46	174	42	21	118	56	35	318	161	44	116	51	69	44
1628960	Grayson Allen	MIL	564	74	166	41	15	140	26	28	461	196	124	316	48	56	49
1630200	Tre Jones	SAS	221	112	85	20	0	67	18	24	182	91	3	20	36	41	46
1630580	Joe Wieskamp	SAS	37	5	8	2	2	5	3	1	28	13	8	19	3	7	15
1629076	Tyler Cook	CHI	64	3	52	4	4	36	16	7	36	22	0	0	20	31	19
1629026	Kenrich Williams	OKC	363	108	220	44	10	145	75	46	317	146	41	121	30	55	49
1630540	Miles McBride	NYK	38	23	16	8	1	14	2	3	58	15	5	31	3	4	21
1630558	Davion Mitchell	SAC	551	183	125	38	17	95	30	64	557	226	75	230	24	43	53
202339	Eric Bledsoe	POR	534	225	182	69	19	154	28	116	468	197	51	163	89	117	54
202328	Greg Monroe	MIL	55	14	52	6	7	29	23	9	44	24	0	0	7	14	10
1629645	Kevin Porter Jr.	HOU	534	241	154	46	10	125	29	136	461	184	89	234	77	127	39
1627832	Fred VanVleet	TOR	1080	348	230	82	25	191	39	135	867	363	201	501	153	175	50
1630555	Joel Ayayi	WAS	2	4	3	0	0	2	1	0	6	1	0	1	0	0	7
1630536	Sharife Cooper	ATL	7	5	5	0	0	5	0	5	14	3	1	6	0	0	11
1629057	Robert Williams III	BOS	468	93	457	43	104	272	185	57	284	208	0	1	52	75	47
203493	Reggie Bullock	DAL	401	51	167	25	6	146	21	25	335	139	93	256	30	35	49
1629033	Theo Pinson	DAL	28	13	19	4	2	18	1	2	32	9	6	25	4	4	16
202340	Avery Bradley	LAL	325	41	113	46	9	86	27	33	299	123	67	176	12	14	49
202681	Kyrie Irving	BKN	338	75	67	15	9	59	8	34	281	127	35	95	49	53	14
1629639	Tyler Herro	MIA	920	181	221	29	8	194	27	128	796	340	116	310	124	141	46
203473	Dewayne Dedmon	MIA	332	37	307	21	27	216	91	54	224	130	16	31	56	72	50
1629652	Luguentz Dort	OKC	877	88	212	46	18	174	38	88	726	293	130	391	161	191	51
204001	Kristaps Porzingis	WAS	654	69	261	25	59	197	64	53	508	229	49	173	147	170	34
1629719	Devontae Cacok	SAS	36	2	30	5	7	25	5	2	23	16	0	0	4	7	10
1629671	Miye Oni	NOP	5	5	7	0	0	6	1	1	9	2	1	8	0	1	16
203897	Zach LaVine	CHI	1156	210	228	29	18	215	13	129	853	411	135	338	199	229	47
1630192	Zeke Nnaji	DEN	265	15	144	12	13	89	55	21	176	95	37	76	38	62	39
1628381	John Collins	ATL	839	94	397	32	54	307	90	56	605	325	62	160	127	160	50
1630543	Isaiah Jackson	IND	115	7	55	11	15	31	24	11	83	45	3	7	22	33	20
1630240	Saben Lee	DET	137	64	66	26	10	56	10	25	122	46	12	44	33	43	28
1630568	Luka Garza	DET	151	16	87	8	4	37	50	17	124	55	14	41	27	42	29
1629619	Myles Powell	PHI	13	3	6	1	0	5	1	3	17	5	1	6	2	2	11
1630531	Jaden Springer	PHI	2	0	2	0	2	1	1	1	1	1	0	0	0	0	2
1626192	Pat Connaughton	MIL	543	66	236	51	14	199	37	31	415	194	125	307	30	37	54
1626166	Cameron Payne	PHX	418	144	110	23	12	94	16	71	391	158	45	134	57	66	40
1626181	Norman Powell	LAC	809	94	140	42	19	120	20	67	584	267	99	243	176	218	43
1627737	Marquese Chriss	DAL	115	12	80	11	10	58	22	17	101	48	7	21	12	19	23
1630214	Xavier Tillman	MEM	176	40	116	41	14	70	46	26	153	69	7	35	31	48	39
1628778	Paul Watson	OKC	31	8	27	3	3	24	3	4	35	12	6	26	1	2	9
1629667	Jalen McDaniels	CHA	257	43	136	20	16	107	29	30	197	97	32	86	31	46	39
1628372	Dennis Smith Jr.	POR	206	132	88	45	12	68	20	51	189	79	6	27	42	64	37
2738	Andre Iguodala	GSW	107	99	86	22	21	67	19	23	102	40	14	61	13	16	26
200752	Rudy Gay	UTA	312	39	162	20	12	127	35	30	256	107	49	144	49	62	35
1630186	Jahmi'us Ramsey	SAC	60	7	13	1	1	9	4	5	58	24	5	18	7	14	19
1630218	Robert Woodard II	SAC	7	3	11	1	1	6	5	1	16	2	1	4	2	2	12
1629234	Drew Eubanks	SAS	228	50	196	13	30	132	64	46	159	84	1	8	59	79	49
1629717	Armoni Brooks	HOU	254	49	81	21	8	69	12	23	251	87	64	213	16	19	41
201571	D.J. Augustin	HOU	182	74	41	10	0	34	7	45	136	55	39	96	33	38	34
1628382	Justin Jackson	PHX	15	2	7	0	0	6	1	1	15	5	3	9	2	2	7
202683	Enes Freedom	BOS	128	8	160	5	14	99	61	20	97	51	2	5	24	28	35
201935	James Harden	BKN	990	447	351	56	31	309	42	212	706	292	102	307	304	350	44
1627763	Malcolm Brogdon	IND	519	166	144	24	11	120	24	61	411	184	46	150	105	122	28
204456	T.J. McConnell	IND	201	115	80	25	9	61	19	28	181	91	7	25	12	15	24
1629650	Moses Brown	DAL	81	1	61	3	9	45	16	14	50	27	0	0	27	43	26
1629628	RJ Barrett	NYK	863	125	272	26	14	231	41	94	743	306	96	271	155	223	48
203457	Nerlens Noel	NYK	85	23	141	30	31	93	48	20	60	32	0	3	21	30	25
202330	Gordon Hayward	CHA	773	173	221	46	22	183	38	80	611	281	85	218	126	149	48
1629603	Mamadi Diakite	OKC	56	2	59	5	9	42	17	7	47	25	0	5	6	11	13
1629021	Moritz Wagner	ORL	342	49	110	13	10	88	22	32	238	119	41	124	63	79	45
1630612	RJ Nembhard Jr.	CLE	11	10	2	0	0	2	0	2	11	5	0	1	1	2	7
1629117	Wenyen Gabriel	NOP	14	2	15	1	2	10	5	3	13	5	2	5	2	4	7
1628998	Cody Martin	CHA	391	128	208	63	25	147	61	44	317	144	48	117	55	82	49
203488	Mike Muscala	OKC	344	22	129	18	26	108	21	14	248	113	70	163	48	57	43
1629617	Reggie Perry	IND	13	2	8	1	0	6	2	1	10	5	1	2	2	2	3
1629067	Isaac Bonga	TOR	11	3	7	7	2	3	4	2	13	3	1	4	4	6	13
1630525	David Johnson	TOR	0	0	0	0	0	0	0	0	1	0	0	1	0	0	2
1626204	Larry Nance Jr.	POR	255	73	209	38	13	151	58	27	198	102	19	62	32	49	37
2546	Carmelo Anthony	LAL	672	52	208	36	41	167	41	44	524	229	116	296	98	119	50
1629735	Chris Silva	MIA	26	7	36	0	1	23	13	8	15	8	0	0	10	12	10
1629683	Quinndary Weatherspoon	GSW	14	2	6	1	1	5	1	3	10	6	0	1	2	2	5
1630526	Jeremiah Robinson-Earl	OKC	314	44	254	27	15	183	71	35	292	117	50	150	30	42	44
1630206	Jay Scrubb	LAC	49	8	16	4	3	14	2	7	46	18	6	21	7	10	18
1630222	Mason Jones	LAL	5	0	2	1	0	1	1	1	8	2	0	2	1	2	2
1629013	Landry Shamet	PHX	331	71	86	21	4	75	11	24	289	107	71	201	46	54	45
204060	Joe Ingles	UTA	325	158	131	23	5	119	12	46	285	115	78	225	17	22	45
203078	Bradley Beal	WAS	928	265	189	36	15	151	38	135	771	348	63	210	169	203	40
1630582	Yves Pons	MEM	3	0	5	0	0	3	2	0	3	1	1	1	0	2	7
1628983	Shai Gilgeous-Alexander	OKC	976	236	203	49	34	173	30	103	788	334	67	241	241	297	43
1627885	Shaquille Harrison	MEM	4	3	4	1	1	3	1	2	6	2	0	2	0	0	2
201588	George Hill	MIL	289	101	132	33	6	97	35	35	234	102	37	117	48	50	41
1630199	Cassius Stanley	DET	52	4	19	5	2	14	5	6	46	19	4	17	10	10	9
203501	Tim Hardaway Jr.	DAL	598	92	156	38	6	143	13	34	530	209	102	304	78	103	42
1630593	McKinley Wright IV	MIN	5	1	0	0	0	0	0	1	3	2	1	2	0	0	3
1629642	Nassir Little	POR	410	54	236	25	36	178	58	40	315	145	51	154	69	94	42
1629056	Terence Davis	SAC	311	40	94	25	11	83	11	33	267	113	49	149	36	44	30
1630691	Jamorko Pickett	DET	3	1	9	0	1	7	2	3	10	1	1	7	0	0	6
1627936	Alex Caruso	CHI	234	109	108	54	11	83	25	40	182	78	30	87	48	59	28
1629751	Dakota Mathias	MEM	6	1	2	1	0	2	0	0	6	2	2	6	0	0	6
1628374	Lauri Markkanen	CLE	516	56	202	29	21	161	41	31	431	188	77	225	63	73	38
1629875	Xavier Moon	LAC	33	10	9	5	1	8	1	3	34	14	3	10	2	3	6
203516	James Ennis III	DEN	29	3	12	2	2	7	5	2	24	11	3	8	4	5	7
1630181	R.J. Hampton	ORL	301	102	122	29	8	108	14	56	280	107	39	107	48	79	42
1628366	Lonzo Ball	CHI	455	178	190	64	31	155	35	82	383	162	110	260	21	28	35
1629597	Zylan Cheatham	UTA	0	0	0	0	0	0	0	0	3	0	0	2	0	0	1
1627756	Denzel Valentine	UTA	69	11	42	8	0	33	9	12	66	25	19	47	0	0	24
203658	Norvel Pelle	UTA	6	0	6	0	1	3	3	2	5	3	0	0	0	0	3
201142	Kevin Durant	BKN	1053	207	267	28	34	247	20	107	729	379	67	180	228	255	36
204020	Tyler Johnson	SAS	17	7	12	3	3	9	3	2	20	6	5	13	0	0	6
1630237	Anthony Lamb	SAS	0	2	1	0	0	1	0	0	2	0	0	2	0	0	2
1629653	Devon Dotson	CHI	29	15	9	1	0	8	1	5	23	11	2	9	5	9	11
1626167	Myles Turner	IND	540	44	297	28	118	232	65	54	393	200	61	183	79	105	42
203469	Cody Zeller	POR	140	22	125	8	6	75	50	19	90	51	0	4	38	49	27
1630846	Olivier Sarr	OKC	4	0	5	0	2	5	0	0	3	1	0	1	2	2	2
1630227	Daishen Nix	HOU	30	10	10	7	0	9	1	9	20	13	3	7	1	3	8
1630243	Trevelin Queen	HOU	37	3	14	5	0	9	5	7	29	13	8	22	3	3	8
202734	E'Twaun Moore	ORL	0	0	0	0	0	0	0	0	0	0	0	0	0	0	0
1629083	Arnoldas Kulboka	CHA	0	0	0	0	0	0	0	0	0	0	0	0	0	0	1
1630575	Scottie Lewis	CHA	1	1	0	1	0	0	0	0	0	0	0	0	1	2	2
1630257	Jon Teske	MEM	0	1	2	1	0	2	0	0	1	0	0	0	0	2	3
1628537	Jaylen Morris	SAS	2	2	2	0	0	2	0	1	6	0	0	2	2	4	3
204038	Langston Galloway	MIL	14	12	18	1	0	15	3	6	26	6	2	16	0	0	7
1630606	Javonte Smart	MIL	31	14	19	4	2	15	4	9	43	11	4	18	5	6	13
1630296	Braxton Key	PHI	2	1	2	1	0	1	1	2	2	1	0	1	0	0	2
1630565	Aaron Henry	PHI	2	0	1	0	2	1	0	2	5	1	0	1	0	0	6
1628391	D.J. Wilson	TOR	24	4	14	5	1	13	1	2	11	8	0	2	8	10	3
204025	Tim Frazier	ORL	37	33	19	3	1	14	5	13	43	13	6	17	5	9	10
1630273	Freddie Gillespie	ORL	21	5	36	3	9	23	13	5	22	9	0	1	3	7	9
1630644	Mac McClung	CHI	2	0	0	0	0	0	0	1	1	1	0	0	0	0	1
203110	Draymond Green	GSW	268	250	257	47	41	219	38	106	201	108	12	42	40	67	34
1629610	DaQuan Jeffries	MEM	2	1	2	0	0	2	0	0	2	1	0	1	0	0	3
1629644	KZ Okpala	MIA	77	14	41	4	7	30	11	5	69	30	9	26	8	11	21
1630288	Jeff Dowtin	MIL	6	3	7	0	1	6	1	1	7	3	0	2	0	0	5
1629958	Ahmad Caver	IND	2	0	0	0	0	0	0	0	1	1	0	0	0	0	1
1630207	Nate Hinton	IND	0	0	0	0	0	0	0	1	1	0	0	0	0	0	2
1628415	Dillon Brooks	MEM	387	57	69	27	4	52	17	37	340	145	33	101	64	72	21
1629626	Bol Bol	DEN	33	5	20	1	2	16	4	4	27	15	1	4	2	5	14
1628395	Jordan Bell	CHI	0	0	1	1	0	0	1	0	0	0	0	0	0	0	1
1630238	Malik Fitts	UTA	6	0	10	0	0	10	0	2	9	2	2	4	0	0	7
1628238	Paris Bass	PHX	6	0	4	1	0	2	2	2	6	2	0	2	2	2	2
1629607	Jared Harper	NOP	7	3	1	0	1	0	1	1	7	3	1	2	0	0	2
1630624	Feron Hunt	NOP	0	0	0	0	0	0	0	0	0	0	0	0	0	0	0
1629620	Justin Robinson	DET	78	32	21	9	1	17	4	17	93	28	18	61	4	8	25
1630695	Micah Potter	DET	12	0	9	1	1	5	4	1	11	5	0	2	2	2	3
203953	Jabari Parker	BOS	53	6	28	4	1	23	5	8	38	18	8	16	9	9	12
1630602	Chaundee Brown Jr.	ATL	31	4	16	2	0	15	1	1	32	10	6	18	5	6	5
1629598	Chris Clemons	ATL	0	0	0	0	0	0	0	0	0	0	0	0	0	0	0
1629730	Rayjon Tucker	DEN	6	4	4	1	0	3	1	0	2	1	1	2	3	4	3
1627822	Petr Cornelie	DEN	14	3	14	1	1	7	7	4	15	5	1	8	3	4	13
1629755	Hassani Gravett	ORL	50	20	21	5	1	20	1	9	38	18	11	26	3	4	8
1628539	Mychal Mulder	ORL	55	3	21	4	1	19	2	8	67	20	13	46	2	2	15
1628591	Craig Sword	WAS	6	1	0	4	0	0	0	1	4	3	0	1	0	0	3
1630693	Jaime Echenique	WAS	0	0	0	0	0	0	0	0	0	0	0	0	0	0	1
1630692	Jordan Goodwin	WAS	0	0	1	0	0	1	0	0	3	0	0	1	0	0	2
1628993	Alize Johnson	WAS	32	8	48	3	0	27	21	11	29	14	0	4	4	8	19
1626147	Justin Anderson	IND	21	9	10	2	1	8	2	3	19	6	3	15	6	7	6
1630640	MJ Walker	PHX	0	1	1	2	0	1	0	0	4	0	0	2	0	0	2
1629713	Justin James	NOP	0	0	0	0	0	0	0	0	0	0	0	0	0	0	0
1628422	Damyean Dotson	NYK	4	1	2	0	0	2	0	0	4	2	0	1	0	0	2
1630270	Xavier Sneed	MEM	0	0	2	0	0	1	1	0	2	0	0	2	0	0	2
201596	Mario Chalmers	MIA	0	0	0	0	0	0	0	0	0	0	0	0	0	0	0
203917	Nik Stauskas	MIA	11	1	3	0	0	2	1	0	8	3	2	4	3	4	2
1628427	Vlatko Cancar	DEN	60	13	23	2	3	17	6	8	39	22	7	12	9	12	14
1630637	Carlik Jones	DEN	4	5	3	1	0	2	1	3	9	1	0	1	2	2	5
1628419	Cameron Oliver	ATL	23	3	6	1	1	4	2	0	15	10	1	3	2	3	2
1629760	Matt Mooney	NYK	0	0	0	1	0	0	0	1	1	0	0	1	0	0	1
1630187	Daniel Oturu	TOR	9	0	5	0	2	4	1	0	6	3	0	1	3	5	3
1629689	Aric Holman	MIA	0	0	0	0	0	0	0	0	0	0	0	0	0	0	0
1629150	Emanuel Terry	PHX	0	2	15	1	0	7	8	5	5	0	0	0	0	0	3
1628990	Chandler Hutchison	PHX	4	2	5	0	0	5	0	4	2	1	0	0	2	2	6
1629605	Tacko Fall	CLE	12	2	23	0	6	16	7	3	12	5	0	0	2	7	11
1629005	Malik Newman	CLE	8	1	1	0	0	1	0	1	5	3	0	1	2	2	1
202329	Al-Farouq Aminu	BOS	0	0	0	0	0	0	0	0	0	0	0	0	0	0	0
1630306	Rob Edwards	OKC	3	0	3	0	0	3	0	1	4	1	1	4	0	0	2
1630466	Gabriel Deck	OKC	18	5	6	1	0	5	1	2	14	8	2	4	0	0	7
1629658	Jaylen Hoard	OKC	0	0	2	0	0	1	1	0	1	0	0	0	0	0	1
203816	Scotty Hopson	OKC	4	1	1	0	0	1	0	2	4	2	0	1	0	0	1
1629602	Javin DeLaurier	MIL	0	0	1	1	0	1	0	0	0	0	0	0	0	0	1
1629682	Tremont Waters	WAS	10	7	4	5	0	4	0	4	14	4	2	9	0	0	3
1628476	Derrick Walton Jr.	DET	19	21	10	7	4	8	2	11	26	6	3	13	4	4	3
1629873	Jaysean Paige	DET	0	1	1	0	0	1	0	1	3	0	0	2	0	0	1
1629686	Deividas Sirvydis	DET	3	1	6	3	1	6	0	0	10	1	1	7	0	0	3
1627767	Cheick Diallo	DET	11	0	12	1	0	8	4	1	8	3	0	0	5	6	3
1629309	Trayvon Palmer	DET	0	0	2	0	0	2	0	1	1	0	0	0	0	0	1
203081	Damian Lillard	POR	695	212	120	17	11	107	13	83	552	222	92	284	159	181	29
1630787	Cameron McGriff	POR	14	3	15	0	1	9	6	0	14	5	2	6	2	2	3
1629600	Jarron Cumberland	POR	2	1	3	0	0	2	1	0	2	1	0	1	0	0	3
2207	Joe Johnson	BOS	2	0	0	0	0	0	0	0	1	1	0	0	0	0	1
1628411	Wes Iwundu	ATL	22	0	13	1	0	10	3	1	18	8	3	5	3	4	3
1627760	Cat Barber	ATL	0	3	3	0	0	2	1	1	4	0	0	0	0	4	3
1629460	Justin Tillman	ATL	0	0	0	0	0	0	0	0	0	0	0	0	0	0	0
1629752	Juwan Morgan	TOR	5	1	4	0	0	2	2	0	3	2	1	2	0	0	1
1630179	Tyrell Terry	MEM	2	0	0	0	0	0	0	0	1	1	0	0	0	0	2
1628994	George King	DAL	1	0	5	0	0	5	0	1	5	0	0	4	1	2	4
202954	Brad Wanamaker	WAS	83	55	39	7	6	33	6	23	77	28	4	17	23	25	23
1630648	Jordan Schakel	WAS	0	0	3	0	0	1	2	0	6	0	0	3	0	0	2
202738	Isaiah Thomas	DAL	43	10	8	0	2	7	1	5	47	15	5	25	8	11	5
1630314	Brandon Williams	POR	8	2	2	0	0	2	0	0	3	2	0	0	4	7	2
201954	Darren Collison	LAL	4	2	4	1	0	4	0	1	7	2	0	3	0	0	3
1629203	Jemerrio Jones	LAL	4	0	3	1	0	1	2	0	3	2	0	0	0	0	2
1629783	Shaq Buchanan	MEM	2	2	2	1	0	1	1	2	4	1	0	2	0	0	2
1629103	Kelan Martin	IND	171	21	53	13	9	37	16	14	168	70	22	74	9	13	27
1630585	Marcus Garrett	MIA	13	7	23	5	3	14	9	2	21	5	1	4	2	5	12
201937	Ricky Rubio	CLE	445	225	141	49	7	126	15	90	411	149	59	174	88	103	34
1630286	Trevon Scott	CLE	6	0	2	1	1	1	1	0	6	3	0	1	0	0	2
1630610	DeJon Jarreau	HOU	0	0	0	0	0	0	0	0	0	0	0	0	0	0	1
1630589	Moses Wright	LAC	0	1	0	0	0	0	0	0	0	0	0	0	0	0	1
202688	Brandon Knight	DAL	30	8	7	1	0	7	0	4	20	9	4	13	8	8	3
101141	Ersan Ilyasova	CHI	0	0	0	0	0	0	0	0	0	0	0	0	0	0	0
1630707	Malik Ellison	ATL	0	0	0	0	0	0	0	0	0	0	0	0	0	0	0
1630587	Isaiah Livers	DET	0	0	0	1	1	0	0	1	2	0	0	2	0	0	1
1626144	Emmanuel Mudiay	SAC	3	4	0	1	0	0	0	1	2	0	0	0	3	4	2
201609	Goran Dragic	TOR	40	9	14	5	1	12	2	1	34	13	4	14	10	10	5
1630758	Aleem Ford	ORL	14	2	15	1	0	13	2	4	20	6	2	15	0	0	5
1629788	Tyler Hall	NYK	0	0	0	0	0	0	0	0	0	0	0	0	0	0	1
1627782	Wayne Selden	NYK	5	1	1	0	0	1	0	0	4	1	1	2	2	4	3
1630643	Jay Huff	LAL	0	1	4	1	1	3	1	1	3	0	0	2	0	0	4
1629168	BJ Johnson	ORL	26	0	15	0	1	9	6	0	25	11	4	10	0	0	4
101139	CJ Miles	BOS	0	0	0	0	0	0	0	0	0	0	0	0	0	0	1
202331	Paul George	LAC	641	142	185	53	10	174	11	109	556	234	70	217	103	117	26
1630278	Ade Murkey	SAC	0	0	0	0	0	0	0	0	0	0	0	0	0	0	1
1630605	JaQuori McLaughlin	DAL	0	2	0	0	0	0	0	0	2	0	0	1	0	0	4
1626161	Willie Cauley-Stein	DAL	34	9	38	6	3	25	13	7	35	16	1	2	1	2	18
1629134	Kendrick Nunn	LAL	0	0	0	0	0	0	0	0	0	0	0	0	0	0	0
201565	Derrick Rose	NYK	311	103	78	22	12	57	21	39	274	122	37	92	30	31	26
1630184	Kira Lewis Jr.	NOP	141	49	39	11	1	30	9	26	146	59	13	58	10	12	24
1630647	Eugene Omoruyi	DAL	7	2	7	0	0	5	2	0	5	2	1	2	2	4	4
1627846	Abdel Nader	PHX	34	7	27	8	4	23	4	11	35	12	4	14	6	10	14
203524	Solomon Hill	ATL	8	12	23	4	2	17	6	1	20	3	2	13	0	0	13
1630686	Georgios Kalaitzakis	MIL	16	0	8	1	1	4	4	4	11	5	2	4	4	9	9
1629712	Didi Louzada	NOP	0	1	2	0	0	0	2	0	3	0	0	3	0	0	2
1630554	Jason Preston	LAC	0	0	0	0	0	0	0	0	0	0	0	0	0	0	0
1628408	P.J. Dozier	DEN	97	29	63	11	6	49	14	13	99	36	15	48	10	13	18
1630241	Sam Merrill	MEM	25	4	7	0	0	6	1	2	24	8	7	23	2	4	6
1626163	Frank Kaminsky	PHX	95	13	41	8	7	30	11	5	66	36	5	15	18	20	9
203925	Joe Harris	BKN	158	14	56	7	2	51	5	16	124	56	41	88	5	6	14
1629635	Sekou Doumbouya	LAL	14	0	6	3	2	4	2	2	8	5	1	2	3	4	2
202693	Markieff Morris	MIA	77	14	28	3	1	15	13	12	70	32	8	22	5	5	10
1629012	Collin Sexton	CLE	176	23	36	10	0	23	13	31	151	68	11	45	29	39	11
1629008	Michael Porter Jr.	DEN	89	17	59	10	2	50	9	12	103	37	10	48	5	9	9
1626155	Sam Dekker	TOR	0	0	0	0	0	0	0	0	0	0	0	0	0	0	1
1629756	Daulton Hommes	NOP	0	0	0	0	0	0	0	0	0	0	0	0	0	0	0
1630172	Patrick Williams	CHI	33	3	11	3	2	10	1	2	23	13	3	6	4	4	5
201572	Brook Lopez	MIL	8	0	5	1	3	3	2	0	9	3	2	4	0	0	1
