player_id	full_name	image_url	1946-47	1947-48	1948-49	1949-50	1950-51	1951-52	1952-53	1953-54	1954-55	1955-56	1956-57	1957-58	1958-59	1959-60	1960-61	1961-62	1962-63	1963-64	1964-65	1965-66	1966-67	1967-68	1968-69	1969-70	1970-71	1971-72	1972-73	1973-74	1974-75	1975-76	1976-77	1977-78	1978-79	1979-80	1980-81	1981-82	1982-83	1983-84	1984-85	1985-86	1986-87	1987-88	1988-89	1989-90	1990-91	1991-92	1992-93	1993-94	1994-95	1995-96	1996-97	1997-98	1998-99	1999-00	2000-01	2001-02	2002-03	2003-04	2004-05	2005-06	2006-07	2007-08	2008-09	2009-10	2010-11	2011-12	2012-13	2013-14	2014-15	2015-16	2016-17	2017-18	2018-19	2019-20	2020-21	2021-22
76001	Alaa Abdelnaby	https://ak-static.cms.nba.com/wp-content/uploads/headshots/nba/latest/260x190/76001.png	0	0	0	0	0	0	0	0	0	0	0	0	0	0	0	0	0	0	0	0	0	0	0	0	0	0	0	0	0	0	0	0	0	0	0	0	0	0	0	0	0	0	0	0	135	567	1145	1209	1465	1465	1465	1465	1465	1465	1465	1465	1465	1465	1465	1465	1465	1465	1465	1465	1465	1465	1465	1465	1465	1465	1465	1465	1465	1465	1465	1465
76002	Zaid Abdul-Aziz	https://ak-static.cms.nba.com/wp-content/uploads/headshots/nba/latest/260x190/76002.png	0	0	0	0	0	0	0	0	0	0	0	0	0	0	0	0	0	0	0	0	0	0	358	951	1616	2414	2831	3696	4325	4411	4494	4557	4557	4557	4557	4557	4557	4557	4557	4557	4557	4557	4557	4557	4557	4557	4557	4557	4557	4557	4557	4557	4557	4557	4557	4557	4557	4557	4557	4557	4557	4557	4557	4557	4557	4557	4557	4557	4557	4557	4557	4557	4557	4557	4557	4557
76003	Kareem Abdul-Jabbar	https://ak-static.cms.nba.com/wp-content/uploads/headshots/nba/latest/260x190/76003.png	0	0	0	0	0	0	0	0	0	0	0	0	0	0	0	0	0	0	0	0	0	0	0	2361	4957	7779	10071	12262	14211	16486	18638	20238	22141	24175	26270	28088	29810	31527	33262	35108	36474	37639	38387	38387	38387	38387	38387	38387	38387	38387	38387	38387	38387	38387	38387	38387	38387	38387	38387	38387	38387	38387	38387	38387	38387	38387	38387	38387	38387	38387	38387	38387	38387	38387	38387	38387
51	Mahmoud Abdul-Rauf	https://ak-static.cms.nba.com/wp-content/uploads/headshots/nba/latest/260x190/51.png	0	0	0	0	0	0	0	0	0	0	0	0	0	0	0	0	0	0	0	0	0	0	0	0	0	0	0	0	0	0	0	0	0	0	0	0	0	0	0	0	0	0	0	0	942	1779	3332	4769	5934	7029	8060	8287	8287	8287	8553	8553	8553	8553	8553	8553	8553	8553	8553	8553	8553	8553	8553	8553	8553	8553	8553	8553	8553	8553	8553	8553
1505	Tariq Abdul-Wahad	https://ak-static.cms.nba.com/wp-content/uploads/headshots/nba/latest/260x190/1505.png	0	0	0	0	0	0	0	0	0	0	0	0	0	0	0	0	0	0	0	0	0	0	0	0	0	0	0	0	0	0	0	0	0	0	0	0	0	0	0	0	0	0	0	0	0	0	0	0	0	0	0	376	830	1527	1638	1773	1830	1830	1830	1830	1830	1830	1830	1830	1830	1830	1830	1830	1830	1830	1830	1830	1830	1830	1830	1830
949	Shareef Abdur-Rahim	https://ak-static.cms.nba.com/wp-content/uploads/headshots/nba/latest/260x190/949.png	0	0	0	0	0	0	0	0	0	0	0	0	0	0	0	0	0	0	0	0	0	0	0	0	0	0	0	0	0	0	0	0	0	0	0	0	0	0	0	0	0	0	0	0	0	0	0	0	0	0	1494	3323	4475	6138	7801	9437	11045	12429	13338	14225	15018	15028	15028	15028	15028	15028	15028	15028	15028	15028	15028	15028	15028	15028	15028	15028
76005	Tom Abernethy	https://ak-static.cms.nba.com/wp-content/uploads/headshots/nba/latest/260x190/76005.png	0	0	0	0	0	0	0	0	0	0	0	0	0	0	0	0	0	0	0	0	0	0	0	0	0	0	0	0	0	0	439	932	1354	1716	1779	1779	1779	1779	1779	1779	1779	1779	1779	1779	1779	1779	1779	1779	1779	1779	1779	1779	1779	1779	1779	1779	1779	1779	1779	1779	1779	1779	1779	1779	1779	1779	1779	1779	1779	1779	1779	1779	1779	1779	1779	1779
76006	Forest Able	https://ak-static.cms.nba.com/wp-content/uploads/headshots/nba/latest/260x190/76006.png	0	0	0	0	0	0	0	0	0	0	0	0	0	0	0	0	0	0	0	0	0	0	0	0	0	0	0	0	0	0	0	0	0	0	0	0	0	0	0	0	0	0	0	0	0	0	0	0	0	0	0	0	0	0	0	0	0	0	0	0	0	0	0	0	0	0	0	0	0	0	0	0	0	0	0	0
76007	John Abramovic	https://ak-static.cms.nba.com/wp-content/uploads/headshots/nba/latest/260x190/76007.png	0	6	6	6	6	6	6	6	6	6	6	6	6	6	6	6	6	6	6	6	6	6	6	6	6	6	6	6	6	6	6	6	6	6	6	6	6	6	6	6	6	6	6	6	6	6	6	6	6	6	6	6	6	6	6	6	6	6	6	6	6	6	6	6	6	6	6	6	6	6	6	6	6	6	6	6
203518	Alex Abrines	https://ak-static.cms.nba.com/wp-content/uploads/headshots/nba/latest/260x190/203518.png	0	0	0	0	0	0	0	0	0	0	0	0	0	0	0	0	0	0	0	0	0	0	0	0	0	0	0	0	0	0	0	0	0	0	0	0	0	0	0	0	0	0	0	0	0	0	0	0	0	0	0	0	0	0	0	0	0	0	0	0	0	0	0	0	0	0	0	0	0	0	406	759	924	924	924	924
1630173	Precious Achiuwa	https://ak-static.cms.nba.com/wp-content/uploads/headshots/nba/latest/260x190/1630173.png	0	0	0	0	0	0	0	0	0	0	0	0	0	0	0	0	0	0	0	0	0	0	0	0	0	0	0	0	0	0	0	0	0	0	0	0	0	0	0	0	0	0	0	0	0	0	0	0	0	0	0	0	0	0	0	0	0	0	0	0	0	0	0	0	0	0	0	0	0	0	0	0	0	0	304	645
101165	Alex Acker	https://ak-static.cms.nba.com/wp-content/uploads/headshots/nba/latest/260x190/101165.png	0	0	0	0	0	0	0	0	0	0	0	0	0	0	0	0	0	0	0	0	0	0	0	0	0	0	0	0	0	0	0	0	0	0	0	0	0	0	0	0	0	0	0	0	0	0	0	0	0	0	0	0	0	0	0	0	0	0	0	9	9	9	81	81	81	81	81	81	81	81	81	81	81	81	81	81
76008	Donald Ackerman	https://ak-static.cms.nba.com/wp-content/uploads/headshots/nba/latest/260x190/76008.png	0	0	0	0	0	0	0	43	43	43	43	43	43	43	43	43	43	43	43	43	43	43	43	43	43	43	43	43	43	43	43	43	43	43	43	43	43	43	43	43	43	43	43	43	43	43	43	43	43	43	43	43	43	43	43	43	43	43	43	43	43	43	43	43	43	43	43	43	43	43	43	43	43	43	43	43
76009	Mark Acres	https://ak-static.cms.nba.com/wp-content/uploads/headshots/nba/latest/260x190/76009.png	0	0	0	0	0	0	0	0	0	0	0	0	0	0	0	0	0	0	0	0	0	0	0	0	0	0	0	0	0	0	0	0	0	0	0	0	0	0	0	0	0	287	424	786	1071	1279	1343	1343	1343	1343	1343	1343	1343	1343	1343	1343	1343	1343	1343	1343	1343	1343	1343	1343	1343	1343	1343	1343	1343	1343	1343	1343	1343	1343	1343	1343
76010	Charles Acton	https://ak-static.cms.nba.com/wp-content/uploads/headshots/nba/latest/260x190/76010.png	0	0	0	0	0	0	0	0	0	0	0	0	0	0	0	0	0	0	0	0	0	77	77	77	77	77	77	77	77	77	77	77	77	77	77	77	77	77	77	77	77	77	77	77	77	77	77	77	77	77	77	77	77	77	77	77	77	77	77	77	77	77	77	77	77	77	77	77	77	77	77	77	77	77	77	77
203112	Quincy Acy	https://ak-static.cms.nba.com/wp-content/uploads/headshots/nba/latest/260x190/203112.png	0	0	0	0	0	0	0	0	0	0	0	0	0	0	0	0	0	0	0	0	0	0	0	0	0	0	0	0	0	0	0	0	0	0	0	0	0	0	0	0	0	0	0	0	0	0	0	0	0	0	0	0	0	0	0	0	0	0	0	0	0	0	0	0	0	0	116	287	685	992	1214	1625	1642	1642	1642	1642
76011	Alvan Adams	https://ak-static.cms.nba.com/wp-content/uploads/headshots/nba/latest/260x190/76011.png	0	0	0	0	0	0	0	0	0	0	0	0	0	0	0	0	0	0	0	0	0	0	0	0	0	0	0	0	0	1519	2815	3897	5266	6384	7499	8695	9830	10500	11702	12543	13299	13910	13910	13910	13910	13910	13910	13910	13910	13910	13910	13910	13910	13910	13910	13910	13910	13910	13910	13910	13910	13910	13910	13910	13910	13910	13910	13910	13910	13910	13910	13910	13910	13910	13910	13910
76012	Don Adams	https://ak-static.cms.nba.com/wp-content/uploads/headshots/nba/latest/260x190/76012.png	0	0	0	0	0	0	0	0	0	0	0	0	0	0	0	0	0	0	0	0	0	0	0	0	937	1768	2443	3202	3501	3675	4236	4236	4236	4236	4236	4236	4236	4236	4236	4236	4236	4236	4236	4236	4236	4236	4236	4236	4236	4236	4236	4236	4236	4236	4236	4236	4236	4236	4236	4236	4236	4236	4236	4236	4236	4236	4236	4236	4236	4236	4236	4236	4236	4236	4236	4236
200801	Hassan Adams	https://ak-static.cms.nba.com/wp-content/uploads/headshots/nba/latest/260x190/200801.png	0	0	0	0	0	0	0	0	0	0	0	0	0	0	0	0	0	0	0	0	0	0	0	0	0	0	0	0	0	0	0	0	0	0	0	0	0	0	0	0	0	0	0	0	0	0	0	0	0	0	0	0	0	0	0	0	0	0	0	0	174	174	185	185	185	185	185	185	185	185	185	185	185	185	185	185
1629121	Jaylen Adams	https://ak-static.cms.nba.com/wp-content/uploads/headshots/nba/latest/260x190/1629121.png	0	0	0	0	0	0	0	0	0	0	0	0	0	0	0	0	0	0	0	0	0	0	0	0	0	0	0	0	0	0	0	0	0	0	0	0	0	0	0	0	0	0	0	0	0	0	0	0	0	0	0	0	0	0	0	0	0	0	0	0	0	0	0	0	0	0	0	0	0	0	0	0	108	108	110	110
2546	Carmelo Anthony	https://ak-static.cms.nba.com/wp-content/uploads/headshots/nba/latest/260x190/2546.png	0	0	0	0	0	0	0	0	0	0	0	0	0	0	0	0	0	0	0	0	0	0	0	0	0	0	0	0	0	0	0	0	0	0	0	0	0	0	0	0	0	0	0	0	0	0	0	0	0	0	0	0	0	0	0	0	0	1725	3283	5405	7286	9264	10768	12711	14681	15926	17846	19958	20924	22497	24156	25417	25551	26446	27370	28042
76056	Paul Arizin	https://ak-static.cms.nba.com/wp-content/uploads/headshots/nba/latest/260x190/76056.png	0	0	0	0	1121	2795	2795	2795	4307	6048	7865	9271	11122	12728	14560	16266	16266	16266	16266	16266	16266	16266	16266	16266	16266	16266	16266	16266	16266	16266	16266	16266	16266	16266	16266	16266	16266	16266	16266	16266	16266	16266	16266	16266	16266	16266	16266	16266	16266	16266	16266	16266	16266	16266	16266	16266	16266	16266	16266	16266	16266	16266	16266	16266	16266	16266	16266	16266	16266	16266	16266	16266	16266	16266	16266	16266
787	Charles Barkley	https://ak-static.cms.nba.com/wp-content/uploads/headshots/nba/latest/260x190/787.png	0	0	0	0	0	0	0	0	0	0	0	0	0	0	0	0	0	0	0	0	0	0	0	0	0	0	0	0	0	0	0	0	0	0	0	0	0	0	1148	2751	4315	6579	8616	10605	12454	14184	16128	17530	19091	20740	21756	22792	23468	23757	23757	23757	23757	23757	23757	23757	23757	23757	23757	23757	23757	23757	23757	23757	23757	23757	23757	23757	23757	23757	23757	23757
76107	Dick Barnett	https://ak-static.cms.nba.com/wp-content/uploads/headshots/nba/latest/260x190/76107.png	0	0	0	0	0	0	0	0	0	0	0	0	0	706	2026	2026	3463	4896	5916	7645	8784	10245	11687	12907	14180	15144	15336	15358	15358	15358	15358	15358	15358	15358	15358	15358	15358	15358	15358	15358	15358	15358	15358	15358	15358	15358	15358	15358	15358	15358	15358	15358	15358	15358	15358	15358	15358	15358	15358	15358	15358	15358	15358	15358	15358	15358	15358	15358	15358	15358	15358	15358	15358	15358	15358	15358
600013	Rick Barry	https://ak-static.cms.nba.com/wp-content/uploads/headshots/nba/latest/260x190/600013.png	0	0	0	0	0	0	0	0	0	0	0	0	0	0	0	0	0	0	0	2059	4834	4834	4834	4834	4834	4834	6666	8675	11125	12826	14549	16447	17529	18395	18395	18395	18395	18395	18395	18395	18395	18395	18395	18395	18395	18395	18395	18395	18395	18395	18395	18395	18395	18395	18395	18395	18395	18395	18395	18395	18395	18395	18395	18395	18395	18395	18395	18395	18395	18395	18395	18395	18395	18395	18395	18395
76127	Elgin Baylor	https://ak-static.cms.nba.com/wp-content/uploads/headshots/nba/latest/260x190/76127.png	0	0	0	0	0	0	0	0	0	0	0	0	1742	3816	6354	8190	10909	12892	14901	15980	17842	19844	21725	23023	23043	23149	23149	23149	23149	23149	23149	23149	23149	23149	23149	23149	23149	23149	23149	23149	23149	23149	23149	23149	23149	23149	23149	23149	23149	23149	23149	23149	23149	23149	23149	23149	23149	23149	23149	23149	23149	23149	23149	23149	23149	23149	23149	23149	23149	23149	23149	23149	23149	23149	23149	23149
76144	Walt Bellamy	https://ak-static.cms.nba.com/wp-content/uploads/headshots/nba/latest/260x190/76144.png	0	0	0	0	0	0	0	0	0	0	0	0	0	0	0	2495	4728	6887	8868	10688	12187	13559	15086	16003	17205	18731	19924	20935	20941	20941	20941	20941	20941	20941	20941	20941	20941	20941	20941	20941	20941	20941	20941	20941	20941	20941	20941	20941	20941	20941	20941	20941	20941	20941	20941	20941	20941	20941	20941	20941	20941	20941	20941	20941	20941	20941	20941	20941	20941	20941	20941	20941	20941	20941	20941	20941
76166	Dave Bing	https://ak-static.cms.nba.com/wp-content/uploads/headshots/nba/latest/260x190/76166.png	0	0	0	0	0	0	0	0	0	0	0	0	0	0	0	0	0	0	0	0	1601	3743	5543	7147	9360	10376	12216	13736	15235	16561	17239	18327	18327	18327	18327	18327	18327	18327	18327	18327	18327	18327	18327	18327	18327	18327	18327	18327	18327	18327	18327	18327	18327	18327	18327	18327	18327	18327	18327	18327	18327	18327	18327	18327	18327	18327	18327	18327	18327	18327	18327	18327	18327	18327	18327	18327
1449	Larry Bird	https://ak-static.cms.nba.com/wp-content/uploads/headshots/nba/latest/260x190/1449.png	0	0	0	0	0	0	0	0	0	0	0	0	0	0	0	0	0	0	0	0	0	0	0	0	0	0	0	0	0	0	0	0	0	1745	3486	5247	7114	9022	11317	13432	15508	17783	17899	19719	20883	21791	21791	21791	21791	21791	21791	21791	21791	21791	21791	21791	21791	21791	21791	21791	21791	21791	21791	21791	21791	21791	21791	21791	21791	21791	21791	21791	21791	21791	21791	21791
76188	Mike Bloom	https://ak-static.cms.nba.com/wp-content/uploads/headshots/nba/latest/260x190/76188.png	0	508	634	634	634	634	634	634	634	634	634	634	634	634	634	634	634	634	634	634	634	634	634	634	634	634	634	634	634	634	634	634	634	634	634	634	634	634	634	634	634	634	634	634	634	634	634	634	634	634	634	634	634	634	634	634	634	634	634	634	634	634	634	634	634	634	634	634	634	634	634	634	634	634	634	634
76206	Bob Boozer	https://ak-static.cms.nba.com/wp-content/uploads/headshots/nba/latest/260x190/76206.png	0	0	0	0	0	0	0	0	0	0	0	0	0	0	666	1749	2881	4089	5225	6180	7616	9271	10987	12236	12964	12964	12964	12964	12964	12964	12964	12964	12964	12964	12964	12964	12964	12964	12964	12964	12964	12964	12964	12964	12964	12964	12964	12964	12964	12964	12964	12964	12964	12964	12964	12964	12964	12964	12964	12964	12964	12964	12964	12964	12964	12964	12964	12964	12964	12964	12964	12964	12964	12964	12964	12964
76243	Carl Braun	https://ak-static.cms.nba.com/wp-content/uploads/headshots/nba/latest/260x190/76243.png	0	671	1481	2512	2512	2512	3489	4551	5625	6737	7738	8911	9665	10364	10449	10625	10625	10625	10625	10625	10625	10625	10625	10625	10625	10625	10625	10625	10625	10625	10625	10625	10625	10625	10625	10625	10625	10625	10625	10625	10625	10625	10625	10625	10625	10625	10625	10625	10625	10625	10625	10625	10625	10625	10625	10625	10625	10625	10625	10625	10625	10625	10625	10625	10625	10625	10625	10625	10625	10625	10625	10625	10625	10625	10625	10625
76250	Frank Brian	https://ak-static.cms.nba.com/wp-content/uploads/headshots/nba/latest/260x190/76250.png	0	0	0	1138	2282	3333	4059	4460	5151	5379	5379	5379	5379	5379	5379	5379	5379	5379	5379	5379	5379	5379	5379	5379	5379	5379	5379	5379	5379	5379	5379	5379	5379	5379	5379	5379	5379	5379	5379	5379	5379	5379	5379	5379	5379	5379	5379	5379	5379	5379	5379	5379	5379	5379	5379	5379	5379	5379	5379	5379	5379	5379	5379	5379	5379	5379	5379	5379	5379	5379	5379	5379	5379	5379	5379	5379
977	Kobe Bryant	https://ak-static.cms.nba.com/wp-content/uploads/headshots/nba/latest/260x190/977.png	0	0	0	0	0	0	0	0	0	0	0	0	0	0	0	0	0	0	0	0	0	0	0	0	0	0	0	0	0	0	0	0	0	0	0	0	0	0	0	0	0	0	0	0	0	0	0	0	0	0	539	1759	2755	4240	6178	8197	10658	12215	14034	16866	19296	21619	23820	25790	27868	29484	31617	31700	32482	33643	33643	33643	33643	33643	33643	33643
76335	Ernie Calverley	https://ak-static.cms.nba.com/wp-content/uploads/headshots/nba/latest/260x190/76335.png	0	559	1116	1116	1116	1116	1116	1116	1116	1116	1116	1116	1116	1116	1116	1116	1116	1116	1116	1116	1116	1116	1116	1116	1116	1116	1116	1116	1116	1116	1116	1116	1116	1116	1116	1116	1116	1116	1116	1116	1116	1116	1116	1116	1116	1116	1116	1116	1116	1116	1116	1116	1116	1116	1116	1116	1116	1116	1116	1116	1116	1116	1116	1116	1116	1116	1116	1116	1116	1116	1116	1116	1116	1116	1116	1116
1713	Vince Carter	https://ak-static.cms.nba.com/wp-content/uploads/headshots/nba/latest/260x190/1713.png	0	0	0	0	0	0	0	0	0	0	0	0	0	0	0	0	0	0	0	0	0	0	0	0	0	0	0	0	0	0	0	0	0	0	0	0	0	0	0	0	0	0	0	0	0	0	0	0	0	0	0	0	913	3020	5090	6574	7458	9103	10989	12900	14970	16592	18254	19498	20520	21135	22223	23190	23574	23969	24555	24868	25430	25728	25728	25728
76375	Wilt Chamberlain	https://ak-static.cms.nba.com/wp-content/uploads/headshots/nba/latest/260x190/76375.png	0	0	0	0	0	0	0	0	0	0	0	0	0	2707	5740	9769	13355	16303	18837	21486	23442	25434	27098	27426	29122	30335	31419	31419	31419	31419	31419	31419	31419	31419	31419	31419	31419	31419	31419	31419	31419	31419	31419	31419	31419	31419	31419	31419	31419	31419	31419	31419	31419	31419	31419	31419	31419	31419	31419	31419	31419	31419	31419	31419	31419	31419	31419	31419	31419	31419	31419	31419	31419	31419	31419	31419
1472	Tom Chambers	https://ak-static.cms.nba.com/wp-content/uploads/headshots/nba/latest/260x190/1472.png	0	0	0	0	0	0	0	0	0	0	0	0	0	0	0	0	0	0	0	0	0	0	0	0	0	0	0	0	0	0	0	0	0	0	0	1392	2783	4266	6005	7228	9137	10811	12896	15097	16608	17736	18628	19521	20024	20024	20043	20049	20049	20049	20049	20049	20049	20049	20049	20049	20049	20049	20049	20049	20049	20049	20049	20049	20049	20049	20049	20049	20049	20049	20049	20049
76414	Jack Coleman	https://ak-static.cms.nba.com/wp-content/uploads/headshots/nba/latest/260x190/76414.png	0	0	0	590	1354	2090	2853	3539	4463	5420	6175	6721	6721	6721	6721	6721	6721	6721	6721	6721	6721	6721	6721	6721	6721	6721	6721	6721	6721	6721	6721	6721	6721	6721	6721	6721	6721	6721	6721	6721	6721	6721	6721	6721	6721	6721	6721	6721	6721	6721	6721	6721	6721	6721	6721	6721	6721	6721	6721	6721	6721	6721	6721	6721	6721	6721	6721	6721	6721	6721	6721	6721	6721	6721	6721	6721
600003	Bob Cousy	https://ak-static.cms.nba.com/wp-content/uploads/headshots/nba/latest/260x190/600003.png	0	0	0	0	1078	2511	3918	5301	6805	8161	9480	10647	11944	13399	14777	15952	16955	16955	16955	16955	16955	16955	16955	16960	16960	16960	16960	16960	16960	16960	16960	16960	16960	16960	16960	16960	16960	16960	16960	16960	16960	16960	16960	16960	16960	16960	16960	16960	16960	16960	16960	16960	16960	16960	16960	16960	16960	16960	16960	16960	16960	16960	16960	16960	16960	16960	16960	16960	16960	16960	16960	16960	16960	16960	16960	16960
76498	Howie Dallmar	https://ak-static.cms.nba.com/wp-content/uploads/headshots/nba/latest/260x190/76498.png	0	587	880	880	880	880	880	880	880	880	880	880	880	880	880	880	880	880	880	880	880	880	880	880	880	880	880	880	880	880	880	880	880	880	880	880	880	880	880	880	880	880	880	880	880	880	880	880	880	880	880	880	880	880	880	880	880	880	880	880	880	880	880	880	880	880	880	880	880	880	880	880	880	880	880	880
76504	Adrian Dantley	https://ak-static.cms.nba.com/wp-content/uploads/headshots/nba/latest/260x190/76504.png	0	0	0	0	0	0	0	0	0	0	0	0	0	0	0	0	0	0	0	0	0	0	0	0	0	0	0	0	0	0	1564	3261	4301	6204	8656	11113	11789	14207	15669	17936	19678	21058	22458	23120	23177	23177	23177	23177	23177	23177	23177	23177	23177	23177	23177	23177	23177	23177	23177	23177	23177	23177	23177	23177	23177	23177	23177	23177	23177	23177	23177	23177	23177	23177	23177	23177
76514	Bob Davies	https://ak-static.cms.nba.com/wp-content/uploads/headshots/nba/latest/260x190/76514.png	0	0	904	1799	2754	3806	4835	5722	6594	6594	6594	6594	6594	6594	6594	6594	6594	6594	6594	6594	6594	6594	6594	6594	6594	6594	6594	6594	6594	6594	6594	6594	6594	6594	6594	6594	6594	6594	6594	6594	6594	6594	6594	6594	6594	6594	6594	6594	6594	6594	6594	6594	6594	6594	6594	6594	6594	6594	6594	6594	6594	6594	6594	6594	6594	6594	6594	6594	6594	6594	6594	6594	6594	6594	6594	6594
1453	Walter Davis	https://ak-static.cms.nba.com/wp-content/uploads/headshots/nba/latest/260x190/1453.png	0	0	0	0	0	0	0	0	0	0	0	0	0	0	0	0	0	0	0	0	0	0	0	0	0	0	0	0	0	0	0	1959	3827	5440	6842	7636	9157	10714	11059	12582	14449	15666	16933	18140	19064	19521	19521	19521	19521	19521	19521	19521	19521	19521	19521	19521	19521	19521	19521	19521	19521	19521	19521	19521	19521	19521	19521	19521	19521	19521	19521	19521	19521	19521	19521	19521
76545	Dave DeBusschere	https://ak-static.cms.nba.com/wp-content/uploads/headshots/nba/latest/260x190/76545.png	0	0	0	0	0	0	0	0	0	0	0	0	0	0	0	0	1018	1147	2469	3766	5189	6624	7865	9017	10280	11513	12771	14053	14053	14053	14053	14053	14053	14053	14053	14053	14053	14053	14053	14053	14053	14053	14053	14053	14053	14053	14053	14053	14053	14053	14053	14053	14053	14053	14053	14053	14053	14053	14053	14053	14053	14053	14053	14053	14053	14053	14053	14053	14053	14053	14053	14053	14053	14053	14053	14053
17	Clyde Drexler	https://ak-static.cms.nba.com/wp-content/uploads/headshots/nba/latest/260x190/17.png	0	0	0	0	0	0	0	0	0	0	0	0	0	0	0	0	0	0	0	0	0	0	0	0	0	0	0	0	0	0	0	0	0	0	0	0	0	628	2005	3394	5176	7361	9484	11187	12954	14857	15833	17136	18789	19794	20908	22195	22195	22195	22195	22195	22195	22195	22195	22195	22195	22195	22195	22195	22195	22195	22195	22195	22195	22195	22195	22195	22195	22195	22195	22195
1495	Tim Duncan	https://ak-static.cms.nba.com/wp-content/uploads/headshots/nba/latest/260x190/1495.png	0	0	0	0	0	0	0	0	0	0	0	0	0	0	0	0	0	0	0	0	0	0	0	0	0	0	0	0	0	0	0	0	0	0	0	0	0	0	0	0	0	0	0	0	0	0	0	0	0	0	0	1731	2815	4531	6351	8440	10324	11862	13204	14689	16288	17796	19246	20641	21663	22558	23785	24904	25974	26496	26496	26496	26496	26496	26496	26496
76636	Thomas Eddleman	https://ak-static.cms.nba.com/wp-content/uploads/headshots/nba/latest/260x190/76636.png	0	0	0	826	1866	2606	3221	3221	3221	3221	3221	3221	3221	3221	3221	3221	3221	3221	3221	3221	3221	3221	3221	3221	3221	3221	3221	3221	3221	3221	3221	3221	3221	3221	3221	3221	3221	3221	3221	3221	3221	3221	3221	3221	3221	3221	3221	3221	3221	3221	3221	3221	3221	3221	3221	3221	3221	3221	3221	3221	3221	3221	3221	3221	3221	3221	3221	3221	3221	3221	3221	3221	3221	3221	3221	3221
76673	Alex English	https://ak-static.cms.nba.com/wp-content/uploads/headshots/nba/latest/260x190/76673.png	0	0	0	0	0	0	0	0	0	0	0	0	0	0	0	0	0	0	0	0	0	0	0	0	0	0	0	0	0	0	310	1100	2399	3717	5646	7728	10054	12221	14483	16897	19242	21242	23417	24850	25613	25613	25613	25613	25613	25613	25613	25613	25613	25613	25613	25613	25613	25613	25613	25613	25613	25613	25613	25613	25613	25613	25613	25613	25613	25613	25613	25613	25613	25613	25613	25613
121	Patrick Ewing	https://ak-static.cms.nba.com/wp-content/uploads/headshots/nba/latest/260x190/121.png	0	0	0	0	0	0	0	0	0	0	0	0	0	0	0	0	0	0	0	0	0	0	0	0	0	0	0	0	0	0	0	0	0	0	0	0	0	0	0	998	2354	4007	5822	8169	10323	12293	14252	16191	18077	19788	21539	22079	22736	23665	24425	24815	24815	24815	24815	24815	24815	24815	24815	24815	24815	24815	24815	24815	24815	24815	24815	24815	24815	24815	24815	24815
76698	Bob Feerick	https://ak-static.cms.nba.com/wp-content/uploads/headshots/nba/latest/260x190/76698.png	0	775	1527	2010	2010	2010	2010	2010	2010	2010	2010	2010	2010	2010	2010	2010	2010	2010	2010	2010	2010	2010	2010	2010	2010	2010	2010	2010	2010	2010	2010	2010	2010	2010	2010	2010	2010	2010	2010	2010	2010	2010	2010	2010	2010	2010	2010	2010	2010	2010	2010	2010	2010	2010	2010	2010	2010	2010	2010	2010	2010	2010	2010	2010	2010	2010	2010	2010	2010	2010	2010	2010	2010	2010	2010	2010
76744	Larry Foust	https://ak-static.cms.nba.com/wp-content/uploads/headshots/nba/latest/260x190/76744.png	0	0	0	0	915	1962	2920	4010	5199	6365	7124	8334	9216	10093	10645	11198	11198	11198	11198	11198	11198	11198	11198	11198	11198	11198	11198	11198	11198	11198	11198	11198	11198	11198	11198	11198	11198	11198	11198	11198	11198	11198	11198	11198	11198	11198	11198	11198	11198	11198	11198	11198	11198	11198	11198	11198	11198	11198	11198	11198	11198	11198	11198	11198	11198	11198	11198	11198	11198	11198	11198	11198	11198	11198	11198	11198
76764	Joe Fulks	https://ak-static.cms.nba.com/wp-content/uploads/headshots/nba/latest/260x190/76764.png	0	949	2509	3474	4710	5632	6464	6614	6614	6614	6614	6614	6614	6614	6614	6614	6614	6614	6614	6614	6614	6614	6614	6614	6614	6614	6614	6614	6614	6614	6614	6614	6614	6614	6614	6614	6614	6614	6614	6614	6614	6614	6614	6614	6614	6614	6614	6614	6614	6614	6614	6614	6614	6614	6614	6614	6614	6614	6614	6614	6614	6614	6614	6614	6614	6614	6614	6614	6614	6614	6614	6614	6614	6614	6614	6614
76773	Harry Gallatin	https://ak-static.cms.nba.com/wp-content/uploads/headshots/nba/latest/260x190/76773.png	0	0	434	1237	2082	2823	3688	4637	5690	6692	7771	8843	8843	8843	8843	8843	8843	8843	8843	8843	8843	8843	8843	8843	8843	8843	8843	8843	8843	8843	8843	8843	8843	8843	8843	8843	8843	8843	8843	8843	8843	8843	8843	8843	8843	8843	8843	8843	8843	8843	8843	8843	8843	8843	8843	8843	8843	8843	8843	8843	8843	8843	8843	8843	8843	8843	8843	8843	8843	8843	8843	8843	8843	8843	8843	8843
708	Kevin Garnett	https://ak-static.cms.nba.com/wp-content/uploads/headshots/nba/latest/260x190/708.png	0	0	0	0	0	0	0	0	0	0	0	0	0	0	0	0	0	0	0	0	0	0	0	0	0	0	0	0	0	0	0	0	0	0	0	0	0	0	0	0	0	0	0	0	0	0	0	0	0	835	2144	3662	4639	6496	8280	9994	11877	13864	15681	17337	19041	20378	21277	22267	23323	24270	25274	25626	25949	26071	26071	26071	26071	26071	26071	26071
76804	George Gervin	https://ak-static.cms.nba.com/wp-content/uploads/headshots/nba/latest/260x190/76804.png	0	0	0	0	0	0	0	0	0	0	0	0	0	0	0	0	0	0	0	0	0	0	0	0	0	0	0	0	0	0	1895	4127	6492	9077	11298	13849	15892	17859	19383	20708	20708	20708	20708	20708	20708	20708	20708	20708	20708	20708	20708	20708	20708	20708	20708	20708	20708	20708	20708	20708	20708	20708	20708	20708	20708	20708	20708	20708	20708	20708	20708	20708	20708	20708	20708	20708
76832	Gail Goodrich	https://ak-static.cms.nba.com/wp-content/uploads/headshots/nba/latest/260x190/76832.png	0	0	0	0	0	0	0	0	0	0	0	0	0	0	0	0	0	0	0	509	1466	2558	4489	6113	7493	9620	11434	13510	15140	16599	16939	18243	19181	19181	19181	19181	19181	19181	19181	19181	19181	19181	19181	19181	19181	19181	19181	19181	19181	19181	19181	19181	19181	19181	19181	19181	19181	19181	19181	19181	19181	19181	19181	19181	19181	19181	19181	19181	19181	19181	19181	19181	19181	19181	19181	19181
76838	Joe Graboski	https://ak-static.cms.nba.com/wp-content/uploads/headshots/nba/latest/260x190/76838.png	0	0	125	328	328	1232	2126	3070	4024	5058	6090	6999	8057	8622	9087	9280	9280	9280	9280	9280	9280	9280	9280	9280	9280	9280	9280	9280	9280	9280	9280	9280	9280	9280	9280	9280	9280	9280	9280	9280	9280	9280	9280	9280	9280	9280	9280	9280	9280	9280	9280	9280	9280	9280	9280	9280	9280	9280	9280	9280	9280	9280	9280	9280	9280	9280	9280	9280	9280	9280	9280	9280	9280	9280	9280	9280
76882	Hal Greer	https://ak-static.cms.nba.com/wp-content/uploads/headshots/nba/latest/260x190/76882.png	0	0	0	0	0	0	0	0	0	0	0	0	753	1677	3228	4847	6409	8274	9687	11506	13271	15247	17143	18905	20413	21372	21586	21586	21586	21586	21586	21586	21586	21586	21586	21586	21586	21586	21586	21586	21586	21586	21586	21586	21586	21586	21586	21586	21586	21586	21586	21586	21586	21586	21586	21586	21586	21586	21586	21586	21586	21586	21586	21586	21586	21586	21586	21586	21586	21586	21586	21586	21586	21586	21586	21586
76897	Alex Groza	https://ak-static.cms.nba.com/wp-content/uploads/headshots/nba/latest/260x190/76897.png	0	0	0	1496	2925	2925	2925	2925	2925	2925	2925	2925	2925	2925	2925	2925	2925	2925	2925	2925	2925	2925	2925	2925	2925	2925	2925	2925	2925	2925	2925	2925	2925	2925	2925	2925	2925	2925	2925	2925	2925	2925	2925	2925	2925	2925	2925	2925	2925	2925	2925	2925	2925	2925	2925	2925	2925	2925	2925	2925	2925	2925	2925	2925	2925	2925	2925	2925	2925	2925	2925	2925	2925	2925	2925	2925
76902	Richie Guerin	https://ak-static.cms.nba.com/wp-content/uploads/headshots/nba/latest/260x190/76902.png	0	0	0	0	0	0	0	0	0	0	695	1736	3027	4642	6362	8665	10366	11415	12236	13426	14518	14518	14669	14676	14676	14676	14676	14676	14676	14676	14676	14676	14676	14676	14676	14676	14676	14676	14676	14676	14676	14676	14676	14676	14676	14676	14676	14676	14676	14676	14676	14676	14676	14676	14676	14676	14676	14676	14676	14676	14676	14676	14676	14676	14676	14676	14676	14676	14676	14676	14676	14676	14676	14676	14676	14676
76912	Cliff Hagan	https://ak-static.cms.nba.com/wp-content/uploads/headshots/nba/latest/260x190/76912.png	0	0	0	0	0	0	0	0	0	0	368	1759	3466	5325	7030	8794	10020	11433	12433	13447	13447	13447	13447	13447	13447	13447	13447	13447	13447	13447	13447	13447	13447	13447	13447	13447	13447	13447	13447	13447	13447	13447	13447	13447	13447	13447	13447	13447	13447	13447	13447	13447	13447	13447	13447	13447	13447	13447	13447	13447	13447	13447	13447	13447	13447	13447	13447	13447	13447	13447	13447	13447	13447	13447	13447	13447
76918	Chuck Halbert	https://ak-static.cms.nba.com/wp-content/uploads/headshots/nba/latest/260x190/76918.png	0	452	1070	1398	1898	1898	1898	1898	1898	1898	1898	1898	1898	1898	1898	1898	1898	1898	1898	1898	1898	1898	1898	1898	1898	1898	1898	1898	1898	1898	1898	1898	1898	1898	1898	1898	1898	1898	1898	1898	1898	1898	1898	1898	1898	1898	1898	1898	1898	1898	1898	1898	1898	1898	1898	1898	1898	1898	1898	1898	1898	1898	1898	1898	1898	1898	1898	1898	1898	1898	1898	1898	1898	1898	1898	1898
76970	John Havlicek	https://ak-static.cms.nba.com/wp-content/uploads/headshots/nba/latest/260x190/76970.png	0	0	0	0	0	0	0	0	0	0	0	0	0	0	0	0	1140	2735	4110	5444	7177	8877	10648	12608	14946	17198	19100	20816	22389	23678	25073	26395	26395	26395	26395	26395	26395	26395	26395	26395	26395	26395	26395	26395	26395	26395	26395	26395	26395	26395	26395	26395	26395	26395	26395	26395	26395	26395	26395	26395	26395	26395	26395	26395	26395	26395	26395	26395	26395	26395	26395	26395	26395	26395	26395	26395
76979	Elvin Hayes	https://ak-static.cms.nba.com/wp-content/uploads/headshots/nba/latest/260x190/76979.png	0	0	0	0	0	0	0	0	0	0	0	0	0	0	0	0	0	0	0	0	0	0	2327	4583	6933	8996	10713	12448	14335	15920	17862	19460	21249	23108	24547	25865	26911	27313	27313	27313	27313	27313	27313	27313	27313	27313	27313	27313	27313	27313	27313	27313	27313	27313	27313	27313	27313	27313	27313	27313	27313	27313	27313	27313	27313	27313	27313	27313	27313	27313	27313	27313	27313	27313	27313	27313
76988	Tom Heinsohn	https://ak-static.cms.nba.com/wp-content/uploads/headshots/nba/latest/260x190/76988.png	0	0	0	0	0	0	0	0	0	0	1163	2393	3635	5264	6843	8585	10025	11282	12194	12194	12194	12194	12194	12194	12194	12194	12194	12194	12194	12194	12194	12194	12194	12194	12194	12194	12194	12194	12194	12194	12194	12194	12194	12194	12194	12194	12194	12194	12194	12194	12194	12194	12194	12194	12194	12194	12194	12194	12194	12194	12194	12194	12194	12194	12194	12194	12194	12194	12194	12194	12194	12194	12194	12194	12194	12194
77007	Clarence Hermsen	https://ak-static.cms.nba.com/wp-content/uploads/headshots/nba/latest/260x190/77007.png	0	575	1283	1828	2361	2361	2372	2372	2372	2372	2372	2372	2372	2372	2372	2372	2372	2372	2372	2372	2372	2372	2372	2372	2372	2372	2372	2372	2372	2372	2372	2372	2372	2372	2372	2372	2372	2372	2372	2372	2372	2372	2372	2372	2372	2372	2372	2372	2372	2372	2372	2372	2372	2372	2372	2372	2372	2372	2372	2372	2372	2372	2372	2372	2372	2372	2372	2372	2372	2372	2372	2372	2372	2372	2372	2372
77048	Dick Holub	https://ak-static.cms.nba.com/wp-content/uploads/headshots/nba/latest/260x190/77048.png	0	504	504	504	504	504	504	504	504	504	504	504	504	504	504	504	504	504	504	504	504	504	504	504	504	504	504	504	504	504	504	504	504	504	504	504	504	504	504	504	504	504	504	504	504	504	504	504	504	504	504	504	504	504	504	504	504	504	504	504	504	504	504	504	504	504	504	504	504	504	504	504	504	504	504	504
77070	Bailey Howell	https://ak-static.cms.nba.com/wp-content/uploads/headshots/nba/latest/260x190/77070.png	0	0	0	0	0	0	0	0	0	0	0	0	0	1332	3147	4723	6516	8182	9716	11080	12701	14322	15859	16892	17770	17770	17770	17770	17770	17770	17770	17770	17770	17770	17770	17770	17770	17770	17770	17770	17770	17770	17770	17770	17770	17770	17770	17770	17770	17770	17770	17770	17770	17770	17770	17770	17770	17770	17770	17770	17770	17770	17770	17770	17770	17770	17770	17770	17770	17770	17770	17770	17770	17770	17770	17770
77074	Lou Hudson	https://ak-static.cms.nba.com/wp-content/uploads/headshots/nba/latest/260x190/77074.png	0	0	0	0	0	0	0	0	0	0	0	0	0	0	0	0	0	0	0	0	1471	2045	3815	5846	7885	9784	11813	13464	13706	15081	16049	17172	17940	17940	17940	17940	17940	17940	17940	17940	17940	17940	17940	17940	17940	17940	17940	17940	17940	17940	17940	17940	17940	17940	17940	17940	17940	17940	17940	17940	17940	17940	17940	17940	17940	17940	17940	17940	17940	17940	17940	17940	17940	17940	17940	17940
947	Allen Iverson	https://ak-static.cms.nba.com/wp-content/uploads/headshots/nba/latest/260x190/947.png	0	0	0	0	0	0	0	0	0	0	0	0	0	0	0	0	0	0	0	0	0	0	0	0	0	0	0	0	0	0	0	0	0	0	0	0	0	0	0	0	0	0	0	0	0	0	0	0	0	0	1787	3545	4829	6818	9025	10908	13170	14436	16738	19115	20824	22988	23983	24368	24368	24368	24368	24368	24368	24368	24368	24368	24368	24368	24368	24368
2544	LeBron James	https://ak-static.cms.nba.com/wp-content/uploads/headshots/nba/latest/260x190/2544.png	0	0	0	0	0	0	0	0	0	0	0	0	0	0	0	0	0	0	0	0	0	0	0	0	0	0	0	0	0	0	0	0	0	0	0	0	0	0	0	0	0	0	0	0	0	0	0	0	0	0	0	0	0	0	0	0	0	1654	3829	6307	8439	10689	12993	15251	17362	19045	21081	23170	24913	26833	28787	31038	32543	34241	35367	36526
77125	Buddy Jeannette	https://ak-static.cms.nba.com/wp-content/uploads/headshots/nba/latest/260x190/77125.png	0	491	804	997	997	997	997	997	997	997	997	997	997	997	997	997	997	997	997	997	997	997	997	997	997	997	997	997	997	997	997	997	997	997	997	997	997	997	997	997	997	997	997	997	997	997	997	997	997	997	997	997	997	997	997	997	997	997	997	997	997	997	997	997	997	997	997	997	997	997	997	997	997	997	997	997
77169	Neil Johnston	https://ak-static.cms.nba.com/wp-content/uploads/headshots/nba/latest/260x190/77169.png	0	0	0	0	0	382	1946	3705	5336	6883	8458	9846	10023	10023	10023	10023	10023	10023	10023	10023	10023	10023	10023	10023	10023	10023	10023	10023	10023	10023	10023	10023	10023	10023	10023	10023	10023	10023	10023	10023	10023	10023	10023	10023	10023	10023	10023	10023	10023	10023	10023	10023	10023	10023	10023	10023	10023	10023	10023	10023	10023	10023	10023	10023	10023	10023	10023	10023	10023	10023	10023	10023	10023	10023	10023	10023
77196	Sam Jones	https://ak-static.cms.nba.com/wp-content/uploads/headshots/nba/latest/260x190/77196.png	0	0	0	0	0	0	0	0	0	0	0	260	1021	1899	3070	4505	6004	7477	9547	11124	12718	14271	15411	15411	15411	15411	15411	15411	15411	15411	15411	15411	15411	15411	15411	15411	15411	15411	15411	15411	15411	15411	15411	15411	15411	15411	15411	15411	15411	15411	15411	15411	15411	15411	15411	15411	15411	15411	15411	15411	15411	15411	15411	15411	15411	15411	15411	15411	15411	15411	15411	15411	15411	15411	15411	15411
893	Michael Jordan	https://ak-static.cms.nba.com/wp-content/uploads/headshots/nba/latest/260x190/893.png	0	0	0	0	0	0	0	0	0	0	0	0	0	0	0	0	0	0	0	0	0	0	0	0	0	0	0	0	0	0	0	0	0	0	0	0	0	0	2313	2721	5762	8630	11263	14016	16596	19000	21541	21541	21998	24489	26920	29277	29277	29277	29277	30652	32292	32292	32292	32292	32292	32292	32292	32292	32292	32292	32292	32292	32292	32292	32292	32292	32292	32292	32292	32292
77248	Johnny Kerr	https://ak-static.cms.nba.com/wp-content/uploads/headshots/nba/latest/260x190/77248.png	0	0	0	0	0	0	0	0	754	1715	2606	3700	4985	6090	7146	8450	9705	11045	11699	12480	12480	12480	12480	12480	12480	12480	12480	12480	12480	12480	12480	12480	12480	12480	12480	12480	12480	12480	12480	12480	12480	12480	12480	12480	12480	12480	12480	12480	12480	12480	12480	12480	12480	12480	12480	12480	12480	12480	12480	12480	12480	12480	12480	12480	12480	12480	12480	12480	12480	12480	12480	12480	12480	12480	12480	12480
77264	Bernard King	https://ak-static.cms.nba.com/wp-content/uploads/headshots/nba/latest/260x190/77264.png	0	0	0	0	0	0	0	0	0	0	0	0	0	0	0	0	0	0	0	0	0	0	0	0	0	0	0	0	0	0	0	1909	3678	3854	5625	7458	8944	10971	12780	12780	12916	14104	15778	17615	19432	19432	19655	19655	19655	19655	19655	19655	19655	19655	19655	19655	19655	19655	19655	19655	19655	19655	19655	19655	19655	19655	19655	19655	19655	19655	19655	19655	19655	19655	19655	19655
600005	Bob Lanier	https://ak-static.cms.nba.com/wp-content/uploads/headshots/nba/latest/260x190/600005.png	0	0	0	0	0	0	0	0	0	0	0	0	0	0	0	0	0	0	0	0	0	0	0	0	1281	3337	5264	7086	8909	10275	11891	13433	14686	15896	16857	17853	18270	19248	19248	19248	19248	19248	19248	19248	19248	19248	19248	19248	19248	19248	19248	19248	19248	19248	19248	19248	19248	19248	19248	19248	19248	19248	19248	19248	19248	19248	19248	19248	19248	19248	19248	19248	19248	19248	19248	19248
77403	Johnny Logan	https://ak-static.cms.nba.com/wp-content/uploads/headshots/nba/latest/260x190/77403.png	0	644	1447	2202	2426	2426	2426	2426	2426	2426	2426	2426	2426	2426	2426	2426	2426	2426	2426	2426	2426	2426	2426	2426	2426	2426	2426	2426	2426	2426	2426	2426	2426	2426	2426	2426	2426	2426	2426	2426	2426	2426	2426	2426	2426	2426	2426	2426	2426	2426	2426	2426	2426	2426	2426	2426	2426	2426	2426	2426	2426	2426	2426	2426	2426	2426	2426	2426	2426	2426	2426	2426	2426	2426	2426	2426
77414	Clyde Lovellette	https://ak-static.cms.nba.com/wp-content/uploads/headshots/nba/latest/260x190/77414.png	0	0	0	0	0	0	0	588	1899	3425	4859	6518	7527	8943	10414	11251	11646	11947	11947	11947	11947	11947	11947	11947	11947	11947	11947	11947	11947	11947	11947	11947	11947	11947	11947	11947	11947	11947	11947	11947	11947	11947	11947	11947	11947	11947	11947	11947	11947	11947	11947	11947	11947	11947	11947	11947	11947	11947	11947	11947	11947	11947	11947	11947	11947	11947	11947	11947	11947	11947	11947	11947	11947	11947	11947	11947
77418	Jerry Lucas	https://ak-static.cms.nba.com/wp-content/uploads/headshots/nba/latest/260x190/77418.png	0	0	0	0	0	0	0	0	0	0	0	0	0	0	0	0	0	1400	2814	4511	5949	7709	9066	10076	11611	12894	13598	14053	14053	14053	14053	14053	14053	14053	14053	14053	14053	14053	14053	14053	14053	14053	14053	14053	14053	14053	14053	14053	14053	14053	14053	14053	14053	14053	14053	14053	14053	14053	14053	14053	14053	14053	14053	14053	14053	14053	14053	14053	14053	14053	14053	14053	14053	14053	14053	14053
77429	Ed Macauley	https://ak-static.cms.nba.com/wp-content/uploads/headshots/nba/latest/260x190/77429.png	0	0	0	1081	2465	3729	5131	6475	7723	8963	10150	11169	11234	11234	11234	11234	11234	11234	11234	11234	11234	11234	11234	11234	11234	11234	11234	11234	11234	11234	11234	11234	11234	11234	11234	11234	11234	11234	11234	11234	11234	11234	11234	11234	11234	11234	11234	11234	11234	11234	11234	11234	11234	11234	11234	11234	11234	11234	11234	11234	11234	11234	11234	11234	11234	11234	11234	11234	11234	11234	11234	11234	11234	11234	11234	11234
252	Karl Malone	https://ak-static.cms.nba.com/wp-content/uploads/headshots/nba/latest/260x190/252.png	0	0	0	0	0	0	0	0	0	0	0	0	0	0	0	0	0	0	0	0	0	0	0	0	0	0	0	0	0	0	0	0	0	0	0	0	0	0	0	1203	2982	5250	7576	10116	12498	14770	16987	19050	21237	23343	25592	27782	28946	31041	32919	34707	36374	36928	36928	36928	36928	36928	36928	36928	36928	36928	36928	36928	36928	36928	36928	36928	36928	36928	36928	36928
77449	Moses Malone	https://ak-static.cms.nba.com/wp-content/uploads/headshots/nba/latest/260x190/77449.png	0	0	0	0	0	0	0	0	0	0	0	0	0	0	0	0	0	0	0	0	0	0	0	0	0	0	0	0	0	0	1083	2227	4258	6377	8599	11119	13027	14636	16577	18336	20096	21703	23340	24868	25737	27016	27066	27360	27409	27409	27409	27409	27409	27409	27409	27409	27409	27409	27409	27409	27409	27409	27409	27409	27409	27409	27409	27409	27409	27409	27409	27409	27409	27409	27409	27409
77480	Slater Martin	https://ak-static.cms.nba.com/wp-content/uploads/headshots/nba/latest/260x190/77480.png	0	0	0	271	846	1462	2206	2890	3866	4813	5531	6253	6940	7337	7337	7337	7337	7337	7337	7337	7337	7337	7337	7337	7337	7337	7337	7337	7337	7337	7337	7337	7337	7337	7337	7337	7337	7337	7337	7337	7337	7337	7337	7337	7337	7337	7337	7337	7337	7337	7337	7337	7337	7337	7337	7337	7337	7337	7337	7337	7337	7337	7337	7337	7337	7337	7337	7337	7337	7337	7337	7337	7337	7337	7337	7337
77498	Bob McAdoo	https://ak-static.cms.nba.com/wp-content/uploads/headshots/nba/latest/260x190/77498.png	0	0	0	0	0	0	0	0	0	0	0	0	0	0	0	0	0	0	0	0	0	0	0	0	0	0	1441	3702	6533	8960	10821	12918	14405	15627	15792	16184	16887	17803	18493	18787	18787	18787	18787	18787	18787	18787	18787	18787	18787	18787	18787	18787	18787	18787	18787	18787	18787	18787	18787	18787	18787	18787	18787	18787	18787	18787	18787	18787	18787	18787	18787	18787	18787	18787	18787	18787
77546	Horace McKinney	https://ak-static.cms.nba.com/wp-content/uploads/headshots/nba/latest/260x190/77546.png	0	485	1208	1700	1962	2299	2299	2299	2299	2299	2299	2299	2299	2299	2299	2299	2299	2299	2299	2299	2299	2299	2299	2299	2299	2299	2299	2299	2299	2299	2299	2299	2299	2299	2299	2299	2299	2299	2299	2299	2299	2299	2299	2299	2299	2299	2299	2299	2299	2299	2299	2299	2299	2299	2299	2299	2299	2299	2299	2299	2299	2299	2299	2299	2299	2299	2299	2299	2299	2299	2299	2299	2299	2299	2299	2299
77587	Stan Miasek	https://ak-static.cms.nba.com/wp-content/uploads/headshots/nba/latest/260x190/77587.png	0	716	1167	1665	1665	2444	2956	2956	2956	2956	2956	2956	2956	2956	2956	2956	2956	2956	2956	2956	2956	2956	2956	2956	2956	2956	2956	2956	2956	2956	2956	2956	2956	2956	2956	2956	2956	2956	2956	2956	2956	2956	2956	2956	2956	2956	2956	2956	2956	2956	2956	2956	2956	2956	2956	2956	2956	2956	2956	2956	2956	2956	2956	2956	2956	2956	2956	2956	2956	2956	2956	2956	2956	2956	2956	2956
600012	George Mikan	https://ak-static.cms.nba.com/wp-content/uploads/headshots/nba/latest/260x190/600012.png	0	0	1698	3563	5495	7018	8460	9766	9766	10156	10156	10156	10156	10156	10156	10156	10156	10156	10156	10156	10156	10156	10156	10156	10156	10156	10156	10156	10156	10156	10156	10156	10156	10156	10156	10156	10156	10156	10156	10156	10156	10156	10156	10156	10156	10156	10156	10156	10156	10156	10156	10156	10156	10156	10156	10156	10156	10156	10156	10156	10156	10156	10156	10156	10156	10156	10156	10156	10156	10156	10156	10156	10156	10156	10156	10156
77593	Vern Mikkelsen	https://ak-static.cms.nba.com/wp-content/uploads/headshots/nba/latest/260x190/77593.png	0	0	0	791	1695	2704	3751	4548	5875	6837	7823	9071	10063	10063	10063	10063	10063	10063	10063	10063	10063	10063	10063	10063	10063	10063	10063	10063	10063	10063	10063	10063	10063	10063	10063	10063	10063	10063	10063	10063	10063	10063	10063	10063	10063	10063	10063	10063	10063	10063	10063	10063	10063	10063	10063	10063	10063	10063	10063	10063	10063	10063	10063	10063	10063	10063	10063	10063	10063	10063	10063	10063	10063	10063	10063	10063
397	Reggie Miller	https://ak-static.cms.nba.com/wp-content/uploads/headshots/nba/latest/260x190/397.png	0	0	0	0	0	0	0	0	0	0	0	0	0	0	0	0	0	0	0	0	0	0	0	0	0	0	0	0	0	0	0	0	0	0	0	0	0	0	0	0	0	822	2003	4019	5874	7569	9305	10879	12467	14073	15824	17402	18322	19792	21319	22623	23505	24305	25279	25279	25279	25279	25279	25279	25279	25279	25279	25279	25279	25279	25279	25279	25279	25279	25279	25279
600006	Earl Monroe	https://ak-static.cms.nba.com/wp-content/uploads/headshots/nba/latest/260x190/600006.png	0	0	0	0	0	0	0	0	0	0	0	0	0	0	0	0	0	0	0	0	0	1991	4056	5978	7710	8459	9622	10195	11828	13402	14935	16289	17076	17454	17454	17454	17454	17454	17454	17454	17454	17454	17454	17454	17454	17454	17454	17454	17454	17454	17454	17454	17454	17454	17454	17454	17454	17454	17454	17454	17454	17454	17454	17454	17454	17454	17454	17454	17454	17454	17454	17454	17454	17454	17454	17454
77669	Calvin Murphy	https://ak-static.cms.nba.com/wp-content/uploads/headshots/nba/latest/260x190/77669.png	0	0	0	0	0	0	0	0	0	0	0	0	0	0	0	0	0	0	0	0	0	0	0	0	1298	2789	3790	5442	6897	8619	10083	12032	13692	15212	16478	17133	17949	17949	17949	17949	17949	17949	17949	17949	17949	17949	17949	17949	17949	17949	17949	17949	17949	17949	17949	17949	17949	17949	17949	17949	17949	17949	17949	17949	17949	17949	17949	17949	17949	17949	17949	17949	17949	17949	17949	17949
77693	Willie Naulls	https://ak-static.cms.nba.com/wp-content/uploads/headshots/nba/latest/260x190/77693.png	0	0	0	0	0	0	0	0	0	0	718	1946	3014	4402	6248	8125	9031	9798	10545	11305	11305	11305	11305	11305	11305	11305	11305	11305	11305	11305	11305	11305	11305	11305	11305	11305	11305	11305	11305	11305	11305	11305	11305	11305	11305	11305	11305	11305	11305	11305	11305	11305	11305	11305	11305	11305	11305	11305	11305	11305	11305	11305	11305	11305	11305	11305	11305	11305	11305	11305	11305	11305	11305	11305	11305	11305
77734	George Nostrand	https://ak-static.cms.nba.com/wp-content/uploads/headshots/nba/latest/260x190/77734.png	0	521	1110	1322	1322	1322	1322	1322	1322	1322	1322	1322	1322	1322	1322	1322	1322	1322	1322	1322	1322	1322	1322	1322	1322	1322	1322	1322	1322	1322	1322	1322	1322	1322	1322	1322	1322	1322	1322	1322	1322	1322	1322	1322	1322	1322	1322	1322	1322	1322	1322	1322	1322	1322	1322	1322	1322	1322	1322	1322	1322	1322	1322	1322	1322	1322	1322	1322	1322	1322	1322	1322	1322	1322	1322	1322
1717	Dirk Nowitzki	https://ak-static.cms.nba.com/wp-content/uploads/headshots/nba/latest/260x190/1717.png	0	0	0	0	0	0	0	0	0	0	0	0	0	0	0	0	0	0	0	0	0	0	0	0	0	0	0	0	0	0	0	0	0	0	0	0	0	0	0	0	0	0	0	0	0	0	0	0	0	0	0	0	385	1820	3604	5383	7394	9074	11106	13257	15173	16990	19084	21111	22792	24134	25051	26786	28119	29491	30260	31187	31560	31560	31560	31560
406	Shaquille O'Neal	https://ak-static.cms.nba.com/wp-content/uploads/headshots/nba/latest/260x190/406.png	0	0	0	0	0	0	0	0	0	0	0	0	0	0	0	0	0	0	0	0	0	0	0	0	0	0	0	0	0	0	0	0	0	0	0	0	0	0	0	0	0	0	0	0	0	0	1893	4270	6585	8019	9355	11054	12343	14687	16812	18634	20475	21914	23583	24764	25454	26286	27619	28255	28596	28596	28596	28596	28596	28596	28596	28596	28596	28596	28596	28596
165	Hakeem Olajuwon	https://ak-static.cms.nba.com/wp-content/uploads/headshots/nba/latest/260x190/165.png	0	0	0	0	0	0	0	0	0	0	0	0	0	0	0	0	0	0	0	0	0	0	0	0	0	0	0	0	0	0	0	0	0	0	0	0	0	0	1692	3289	5044	6849	8883	10878	12065	13575	15715	17899	19904	21840	23650	24422	25367	25822	26511	26946	26946	26946	26946	26946	26946	26946	26946	26946	26946	26946	26946	26946	26946	26946	26946	26946	26946	26946	26946	26946
77793	John Palmer	https://ak-static.cms.nba.com/wp-content/uploads/headshots/nba/latest/260x190/77793.png	0	622	1336	1336	1336	1336	1336	1336	1336	1336	1336	1336	1336	1336	1336	1336	1336	1336	1336	1336	1336	1336	1336	1336	1336	1336	1336	1336	1336	1336	1336	1336	1336	1336	1336	1336	1336	1336	1336	1336	1336	1336	1336	1336	1336	1336	1336	1336	1336	1336	1336	1336	1336	1336	1336	1336	1336	1336	1336	1336	1336	1336	1336	1336	1336	1336	1336	1336	1336	1336	1336	1336	1336	1336	1336	1336
305	Robert Parish	https://ak-static.cms.nba.com/wp-content/uploads/headshots/nba/latest/260x190/305.png	0	0	0	0	0	0	0	0	0	0	0	0	0	0	0	0	0	0	0	0	0	0	0	0	0	0	0	0	0	0	697	1722	3026	4249	5801	7391	8900	10420	11814	13119	14522	15583	17069	18312	19519	20634	21628	22494	22883	23173	23334	23334	23334	23334	23334	23334	23334	23334	23334	23334	23334	23334	23334	23334	23334	23334	23334	23334	23334	23334	23334	23334	23334	23334	23334	23334
77847	Bob Pettit	https://ak-static.cms.nba.com/wp-content/uploads/headshots/nba/latest/260x190/77847.png	0	0	0	0	0	0	0	0	1466	3315	5070	6789	8894	10776	12896	15325	17566	19756	20880	20880	20880	20880	20880	20880	20880	20880	20880	20880	20880	20880	20880	20880	20880	20880	20880	20880	20880	20880	20880	20880	20880	20880	20880	20880	20880	20880	20880	20880	20880	20880	20880	20880	20880	20880	20880	20880	20880	20880	20880	20880	20880	20880	20880	20880	20880	20880	20880	20880	20880	20880	20880	20880	20880	20880	20880	20880
77853	Andy Phillip	https://ak-static.cms.nba.com/wp-content/uploads/headshots/nba/latest/260x190/77853.png	0	346	1064	1822	2562	3352	4074	4825	5442	5850	6148	6384	6384	6384	6384	6384	6384	6384	6384	6384	6384	6384	6384	6384	6384	6384	6384	6384	6384	6384	6384	6384	6384	6384	6384	6384	6384	6384	6384	6384	6384	6384	6384	6384	6384	6384	6384	6384	6384	6384	6384	6384	6384	6384	6384	6384	6384	6384	6384	6384	6384	6384	6384	6384	6384	6384	6384	6384	6384	6384	6384	6384	6384	6384	6384	6384
1718	Paul Pierce	https://ak-static.cms.nba.com/wp-content/uploads/headshots/nba/latest/260x190/1718.png	0	0	0	0	0	0	0	0	0	0	0	0	0	0	0	0	0	0	0	0	0	0	0	0	0	0	0	0	0	0	0	0	0	0	0	0	0	0	0	0	0	0	0	0	0	0	0	0	0	0	0	0	791	2218	4289	6433	8481	10317	12086	14202	15375	16945	18603	19899	21410	22591	24021	25031	25899	26316	26397	26397	26397	26397	26397	26397
77867	Jim Pollard	https://ak-static.cms.nba.com/wp-content/uploads/headshots/nba/latest/260x190/77867.png	0	0	784	1757	2386	3391	4250	5081	5762	5762	5762	5762	5762	5762	5762	5762	5762	5762	5762	5762	5762	5762	5762	5762	5762	5762	5762	5762	5762	5762	5762	5762	5762	5762	5762	5762	5762	5762	5762	5762	5762	5762	5762	5762	5762	5762	5762	5762	5762	5762	5762	5762	5762	5762	5762	5762	5762	5762	5762	5762	5762	5762	5762	5762	5762	5762	5762	5762	5762	5762	5762	5762	5762	5762	5762	5762
77938	Joseph Reiser	https://ak-static.cms.nba.com/wp-content/uploads/headshots/nba/latest/260x190/77938.png	0	541	1167	1773	1773	1773	1773	1773	1773	1773	1773	1773	1773	1773	1773	1773	1773	1773	1773	1773	1773	1773	1773	1773	1773	1773	1773	1773	1773	1773	1773	1773	1773	1773	1773	1773	1773	1773	1773	1773	1773	1773	1773	1773	1773	1773	1773	1773	1773	1773	1773	1773	1773	1773	1773	1773	1773	1773	1773	1773	1773	1773	1773	1773	1773	1773	1773	1773	1773	1773	1773	1773	1773	1773	1773	1773
77967	Arnie Risen	https://ak-static.cms.nba.com/wp-content/uploads/headshots/nba/latest/260x190/77967.png	0	0	995	1620	2697	3729	4613	5562	6359	6907	7251	7633	7633	7633	7633	7633	7633	7633	7633	7633	7633	7633	7633	7633	7633	7633	7633	7633	7633	7633	7633	7633	7633	7633	7633	7633	7633	7633	7633	7633	7633	7633	7633	7633	7633	7633	7633	7633	7633	7633	7633	7633	7633	7633	7633	7633	7633	7633	7633	7633	7633	7633	7633	7633	7633	7633	7633	7633	7633	7633	7633	7633	7633	7633	7633	7633
600015	Oscar Robertson	https://ak-static.cms.nba.com/wp-content/uploads/headshots/nba/latest/260x190/600015.png	0	0	0	0	0	0	0	0	0	0	0	0	0	0	2165	4597	6861	9341	11620	13998	16410	18306	20261	22009	23578	24692	25822	26710	26710	26710	26710	26710	26710	26710	26710	26710	26710	26710	26710	26710	26710	26710	26710	26710	26710	26710	26710	26710	26710	26710	26710	26710	26710	26710	26710	26710	26710	26710	26710	26710	26710	26710	26710	26710	26710	26710	26710	26710	26710	26710	26710	26710	26710	26710	26710	26710
77999	Red Rocha	https://ak-static.cms.nba.com/wp-content/uploads/headshots/nba/latest/260x190/77999.png	0	611	1219	1989	2825	3679	4449	4449	5261	5981	6362	6362	6362	6362	6362	6362	6362	6362	6362	6362	6362	6362	6362	6362	6362	6362	6362	6362	6362	6362	6362	6362	6362	6362	6362	6362	6362	6362	6362	6362	6362	6362	6362	6362	6362	6362	6362	6362	6362	6362	6362	6362	6362	6362	6362	6362	6362	6362	6362	6362	6362	6362	6362	6362	6362	6362	6362	6362	6362	6362	6362	6362	6362	6362	6362	6362
78049	Bill Russell	https://ak-static.cms.nba.com/wp-content/uploads/headshots/nba/latest/260x190/78049.png	0	0	0	0	0	0	0	0	0	0	706	1848	3016	4366	5688	7124	8433	9601	10703	11708	12783	13760	14522	14522	14522	14522	14522	14522	14522	14522	14522	14522	14522	14522	14522	14522	14522	14522	14522	14522	14522	14522	14522	14522	14522	14522	14522	14522	14522	14522	14522	14522	14522	14522	14522	14522	14522	14522	14522	14522	14522	14522	14522	14522	14522	14522	14522	14522	14522	14522	14522	14522	14522	14522	14522	14522
78050	Ed Sadowski	https://ak-static.cms.nba.com/wp-content/uploads/headshots/nba/latest/260x190/78050.png	0	910	1830	2702	2702	2702	2702	2702	2702	2702	2702	2702	2702	2702	2702	2702	2702	2702	2702	2702	2702	2702	2702	2702	2702	2702	2702	2702	2702	2702	2702	2702	2702	2702	2702	2702	2702	2702	2702	2702	2702	2702	2702	2702	2702	2702	2702	2702	2702	2702	2702	2702	2702	2702	2702	2702	2702	2702	2702	2702	2702	2702	2702	2702	2702	2702	2702	2702	2702	2702	2702	2702	2702	2702	2702	2702
78051	Kenny Sailors	https://ak-static.cms.nba.com/wp-content/uploads/headshots/nba/latest/260x190/78051.png	0	524	1423	2410	2903	2903	2903	2903	2903	2903	2903	2903	2903	2903	2903	2903	2903	2903	2903	2903	2903	2903	2903	2903	2903	2903	2903	2903	2903	2903	2903	2903	2903	2903	2903	2903	2903	2903	2903	2903	2903	2903	2903	2903	2903	2903	2903	2903	2903	2903	2903	2903	2903	2903	2903	2903	2903	2903	2903	2903	2903	2903	2903	2903	2903	2903	2903	2903	2903	2903	2903	2903	2903	2903	2903	2903
78075	Fred Schaus	https://ak-static.cms.nba.com/wp-content/uploads/headshots/nba/latest/260x190/78075.png	0	0	0	972	2000	2872	3595	4070	4070	4070	4070	4070	4070	4070	4070	4070	4070	4070	4070	4070	4070	4070	4070	4070	4070	4070	4070	4070	4070	4070	4070	4070	4070	4070	4070	4070	4070	4070	4070	4070	4070	4070	4070	4070	4070	4070	4070	4070	4070	4070	4070	4070	4070	4070	4070	4070	4070	4070	4070	4070	4070	4070	4070	4070	4070	4070	4070	4070	4070	4070	4070	4070	4070	4070	4070	4070
78076	Dolph Schayes	https://ak-static.cms.nba.com/wp-content/uploads/headshots/nba/latest/260x190/78076.png	0	0	0	1072	2193	3061	4323	5551	6884	8356	9973	11764	13298	14987	16855	17677	18304	18438	18438	18438	18438	18438	18438	18438	18438	18438	18438	18438	18438	18438	18438	18438	18438	18438	18438	18438	18438	18438	18438	18438	18438	18438	18438	18438	18438	18438	18438	18438	18438	18438	18438	18438	18438	18438	18438	18438	18438	18438	18438	18438	18438	18438	18438	18438	18438	18438	18438	18438	18438	18438	18438	18438	18438	18438	18438	18438
78094	Freddie Scolari	https://ak-static.cms.nba.com/wp-content/uploads/headshots/nba/latest/260x190/78094.png	0	589	1127	1987	2870	3803	4633	5095	5286	5286	5286	5286	5286	5286	5286	5286	5286	5286	5286	5286	5286	5286	5286	5286	5286	5286	5286	5286	5286	5286	5286	5286	5286	5286	5286	5286	5286	5286	5286	5286	5286	5286	5286	5286	5286	5286	5286	5286	5286	5286	5286	5286	5286	5286	5286	5286	5286	5286	5286	5286	5286	5286	5286	5286	5286	5286	5286	5286	5286	5286	5286	5286	5286	5286	5286	5286
78126	Bill Sharman	https://ak-static.cms.nba.com/wp-content/uploads/headshots/nba/latest/260x190/78126.png	0	0	0	0	378	1049	2196	3351	4604	6038	7451	8853	10319	11689	12665	12665	12665	12665	12665	12665	12665	12665	12665	12665	12665	12665	12665	12665	12665	12665	12665	12665	12665	12665	12665	12665	12665	12665	12665	12665	12665	12665	12665	12665	12665	12665	12665	12665	12665	12665	12665	12665	12665	12665	12665	12665	12665	12665	12665	12665	12665	12665	12665	12665	12665	12665	12665	12665	12665	12665	12665	12665	12665	12665	12665	12665
78142	Gene Shue	https://ak-static.cms.nba.com/wp-content/uploads/headshots/nba/latest/260x190/78142.png	0	0	0	0	0	0	0	0	259	920	1707	2689	3955	5667	7432	8954	9870	10068	10068	10068	10068	10068	10068	10068	10068	10068	10068	10068	10068	10068	10068	10068	10068	10068	10068	10068	10068	10068	10068	10068	10068	10068	10068	10068	10068	10068	10068	10068	10068	10068	10068	10068	10068	10068	10068	10068	10068	10068	10068	10068	10068	10068	10068	10068	10068	10068	10068	10068	10068	10068	10068	10068	10068	10068	10068	10068
78153	Connie Simmons	https://ak-static.cms.nba.com/wp-content/uploads/headshots/nba/latest/260x190/78153.png	0	386	1165	1845	2449	3078	3807	4527	4873	5239	5239	5239	5239	5239	5239	5239	5239	5239	5239	5239	5239	5239	5239	5239	5239	5239	5239	5239	5239	5239	5239	5239	5239	5239	5239	5239	5239	5239	5239	5239	5239	5239	5239	5239	5239	5239	5239	5239	5239	5239	5239	5239	5239	5239	5239	5239	5239	5239	5239	5239	5239	5239	5239	5239	5239	5239	5239	5239	5239	5239	5239	5239	5239	5239	5239	5239
78176	Belus Smawley	https://ak-static.cms.nba.com/wp-content/uploads/headshots/nba/latest/260x190/78176.png	0	535	1449	2283	3014	3054	3054	3054	3054	3054	3054	3054	3054	3054	3054	3054	3054	3054	3054	3054	3054	3054	3054	3054	3054	3054	3054	3054	3054	3054	3054	3054	3054	3054	3054	3054	3054	3054	3054	3054	3054	3054	3054	3054	3054	3054	3054	3054	3054	3054	3054	3054	3054	3054	3054	3054	3054	3054	3054	3054	3054	3054	3054	3054	3054	3054	3054	3054	3054	3054	3054	3054	3054	3054	3054	3054
78388	Jack Twyman	https://ak-static.cms.nba.com/wp-content/uploads/headshots/nba/latest/260x190/78388.png	0	0	0	0	0	0	0	0	0	1038	2212	3449	5306	7644	9641	11472	13058	14141	15297	15840	15840	15840	15840	15840	15840	15840	15840	15840	15840	15840	15840	15840	15840	15840	15840	15840	15840	15840	15840	15840	15840	15840	15840	15840	15840	15840	15840	15840	15840	15840	15840	15840	15840	15840	15840	15840	15840	15840	15840	15840	15840	15840	15840	15840	15840	15840	15840	15840	15840	15840	15840	15840	15840	15840	15840	15840
78435	Chet Walker	https://ak-static.cms.nba.com/wp-content/uploads/headshots/nba/latest/260x190/78435.png	0	0	0	0	0	0	0	0	0	0	0	0	0	0	0	0	957	2271	3313	4534	6101	7566	9043	10718	12498	14217	15787	17370	18831	18831	18831	18831	18831	18831	18831	18831	18831	18831	18831	18831	18831	18831	18831	18831	18831	18831	18831	18831	18831	18831	18831	18831	18831	18831	18831	18831	18831	18831	18831	18831	18831	18831	18831	18831	18831	18831	18831	18831	18831	18831	18831	18831	18831	18831	18831	18831
78453	Bobby Wanzer	https://ak-static.cms.nba.com/wp-content/uploads/headshots/nba/latest/260x190/78453.png	0	0	613	1404	2140	3173	4193	5151	6093	6842	6924	6924	6924	6924	6924	6924	6924	6924	6924	6924	6924	6924	6924	6924	6924	6924	6924	6924	6924	6924	6924	6924	6924	6924	6924	6924	6924	6924	6924	6924	6924	6924	6924	6924	6924	6924	6924	6924	6924	6924	6924	6924	6924	6924	6924	6924	6924	6924	6924	6924	6924	6924	6924	6924	6924	6924	6924	6924	6924	6924	6924	6924	6924	6924	6924	6924
78497	Jerry West	https://ak-static.cms.nba.com/wp-content/uploads/headshots/nba/latest/260x190/78497.png	0	0	0	0	0	0	0	0	0	0	0	0	0	0	1389	3699	5188	7252	9544	12020	13912	15255	16835	19144	21003	22988	24563	25192	25192	25192	25192	25192	25192	25192	25192	25192	25192	25192	25192	25192	25192	25192	25192	25192	25192	25192	25192	25192	25192	25192	25192	25192	25192	25192	25192	25192	25192	25192	25192	25192	25192	25192	25192	25192	25192	25192	25192	25192	25192	25192	25192	25192	25192	25192	25192	25192
78530	Lenny Wilkens	https://ak-static.cms.nba.com/wp-content/uploads/headshots/nba/latest/260x190/78530.png	0	0	0	0	0	0	0	0	0	0	0	0	0	0	880	1244	2132	3070	4354	5598	6953	8591	10426	11760	13163	14601	16139	17352	17772	17772	17772	17772	17772	17772	17772	17772	17772	17772	17772	17772	17772	17772	17772	17772	17772	17772	17772	17772	17772	17772	17772	17772	17772	17772	17772	17772	17772	17772	17772	17772	17772	17772	17772	17772	17772	17772	17772	17772	17772	17772	17772	17772	17772	17772	17772	17772
1122	Dominique Wilkins	https://ak-static.cms.nba.com/wp-content/uploads/headshots/nba/latest/260x190/1122.png	0	0	0	0	0	0	0	0	0	0	0	0	0	0	0	0	0	0	0	0	0	0	0	0	0	0	0	0	0	0	0	0	0	0	0	0	1434	3184	5401	7767	10061	12458	14557	16695	18796	19975	22096	24019	25389	25389	26534	26534	26668	26668	26668	26668	26668	26668	26668	26668	26668	26668	26668	26668	26668	26668	26668	26668	26668	26668	26668	26668	26668	26668	26668	26668
78628	George Yardley	https://ak-static.cms.nba.com/wp-content/uploads/headshots/nba/latest/260x190/78628.png	0	0	0	0	0	0	0	564	1600	2833	4380	6381	7590	9063	9063	9063	9063	9063	9063	9063	9063	9063	9063	9063	9063	9063	9063	9063	9063	9063	9063	9063	9063	9063	9063	9063	9063	9063	9063	9063	9063	9063	9063	9063	9063	9063	9063	9063	9063	9063	9063	9063	9063	9063	9063	9063	9063	9063	9063	9063	9063	9063	9063	9063	9063	9063	9063	9063	9063	9063	9063	9063	9063	9063	9063	9063
78638	Max Zaslofsky	https://ak-static.cms.nba.com/wp-content/uploads/headshots/nba/latest/260x190/78638.png	0	1007	2204	3319	4154	5085	5429	6240	7025	7113	7113	7113	7113	7113	7113	7113	7113	7113	7113	7113	7113	7113	7113	7113	7113	7113	7113	7113	7113	7113	7113	7113	7113	7113	7113	7113	7113	7113	7113	7113	7113	7113	7113	7113	7113	7113	7113	7113	7113	7113	7113	7113	7113	7113	7113	7113	7113	7113	7113	7113	7113	7113	7113	7113	7113	7113	7113	7113	7113	7113	7113	7113	7113	7113	7113	7113
